[2025-07-01 14:16:49] Test write log[2025-07-01 14:47:28] Test write log[2025-07-02 11:27:24] [zabbix-util.cpp->createTemplate()] Create template successfully: template_name=dh.hung_template_20250702, template_id=10667
[2025-07-02 11:43:21] [zabbix-util.cpp->createTemplate()] Create template fail: template_name=dh.hung_template_20250702
[2025-07-02 15:30:14] [zabbix-util.cpp->getHost()]Get host successfully: host_name=fake_dh.hung_Linux_host02
[2025-07-02 15:30:14] [zabbix-util.cpp->findHost()] Found host with: host_name=fake_dh.hung_Linux_host02, ip_addr=100.0.10.12 and host_id=10654
[2025-07-02 15:30:42] [zabbix-util.cpp->getHost()]Get host successfully: host_name=fake_dh.hung_Linux_host02
[2025-07-02 15:30:42] [zabbix-util.cpp->findHost()] Found host with: host_name=fake_dh.hung_Linux_host02, ip_addr=100.0.10.12 and host_id=10654
[2025-07-02 15:36:05] [zabbix-util.cpp->getHost()]Get host successfully: host_name=fake_dh.hung_Linux_host02
[2025-07-02 15:36:05] [zabbix-util.cpp->findHost()] Found host with: host_name=fake_dh.hung_Linux_host02, ip_addr=100.0.10.12 and host_id=10654
[2025-07-02 15:36:05] [zabbix-util.cpp->getAllItemOfHost()] Get item of 10654 successfully. Number of item is: 3
[2025-07-02 15:36:05] [zabbix-util.cpp->getHost()]Get host successfully: host_name=fake_dh.hung_Linux_host01
[2025-07-02 15:36:05] [zabbix-util.cpp->findHost()] Found host with: host_name=fake_dh.hung_Linux_host01, ip_addr=128.123.100.12 and host_id=10657
[2025-07-02 15:36:05] [zabbix-util.cpp->getAllItemOfHost()] Get item of 10657 successfully. Number of item is: 3
[2025-07-02 15:36:05] [zabbix-util.cpp->getHost()]Get host successfully: host_name=fake_dh.hung_Linux_host03
[2025-07-02 15:36:05] [zabbix-util.cpp->findHost()] Found host with: host_name=fake_dh.hung_Linux_host03, ip_addr=172.184.112.224 and host_id=10658
[2025-07-02 15:36:06] [zabbix-util.cpp->getAllItemOfHost()] Get item of 10658 successfully. Number of item is: 3
[2025-07-02 15:36:06] [zabbix-util.cpp->getHost()]Get host successfully: host_name=fake_dh.hung_Linux_host
[2025-07-02 15:36:06] [zabbix-util.cpp->findHost()] Found host with: host_name=fake_dh.hung_Linux_host, ip_addr=127.0.0.1 and host_id=10629
[2025-07-02 15:36:06] [zabbix-util.cpp->getAllItemOfHost()] Get item of 10629 successfully. Number of item is: 3
[2025-07-02 22:40:54] [zabbix-util.cpp->getHost()]Get host successfully: host_name=fake_dh.hung_Linux_host02
[2025-07-02 22:40:54] [zabbix-util.cpp->findHost()] Found host with: host_name=fake_dh.hung_Linux_host02, ip_addr=100.0.10.12 and host_id=10654
[2025-07-02 22:40:54] [zabbix-util.cpp->getAllItemOfHost()] Get item of 10654 successfully. Number of item is: 3
[2025-07-02 22:40:54] [zabbix-util.cpp->getHost()]Get host successfully: host_name=fake_dh.hung_Linux_host01
[2025-07-02 22:40:54] [zabbix-util.cpp->findHost()] Found host with: host_name=fake_dh.hung_Linux_host01, ip_addr=128.123.100.12 and host_id=10657
[2025-07-02 22:40:54] [zabbix-util.cpp->getAllItemOfHost()] Get item of 10657 successfully. Number of item is: 3
[2025-07-02 22:40:54] [zabbix-util.cpp->getHost()]Get host successfully: host_name=fake_dh.hung_Linux_host03
[2025-07-02 22:40:54] [zabbix-util.cpp->findHost()] Found host with: host_name=fake_dh.hung_Linux_host03, ip_addr=172.184.112.224 and host_id=10658
[2025-07-02 22:40:54] [zabbix-util.cpp->getAllItemOfHost()] Get item of 10658 successfully. Number of item is: 3
[2025-07-02 22:40:55] [zabbix-util.cpp->getHost()]Get host successfully: host_name=fake_dh.hung_Linux_host
[2025-07-02 22:40:55] [zabbix-util.cpp->findHost()] Found host with: host_name=fake_dh.hung_Linux_host, ip_addr=127.0.0.1 and host_id=10629
[2025-07-02 22:40:55] [zabbix-util.cpp->getAllItemOfHost()] Get item of 10629 successfully. Number of item is: 3
[2025-07-02 22:50:33] [zabbix-util.cpp->getHost()]Get host successfully: host_name=fake_dh.hung_Linux_host02
[2025-07-02 22:50:33] [zabbix-util.cpp->findHost()] Found host with: host_name=fake_dh.hung_Linux_host02, ip_addr=100.0.10.12 and host_id=10654
[2025-07-02 22:50:33] [zabbix-util.cpp->getAllItemOfHost()] Get item of 10654 successfully. Number of item is: 3
[2025-07-02 22:50:33] [zabbix-util.cpp->getHost()]Get host successfully: host_name=fake_dh.hung_Linux_host01
[2025-07-02 22:50:33] [zabbix-util.cpp->findHost()] Found host with: host_name=fake_dh.hung_Linux_host01, ip_addr=128.123.100.12 and host_id=10657
[2025-07-02 22:50:33] [zabbix-util.cpp->getAllItemOfHost()] Get item of 10657 successfully. Number of item is: 3
[2025-07-02 22:50:33] [zabbix-util.cpp->getHost()]Get host successfully: host_name=fake_dh.hung_Linux_host03
[2025-07-02 22:50:33] [zabbix-util.cpp->findHost()] Found host with: host_name=fake_dh.hung_Linux_host03, ip_addr=172.184.112.224 and host_id=10658
[2025-07-02 22:50:33] [zabbix-util.cpp->getAllItemOfHost()] Get item of 10658 successfully. Number of item is: 3
[2025-07-02 22:50:33] [zabbix-util.cpp->getHost()]Get host successfully: host_name=fake_dh.hung_Linux_host
[2025-07-02 22:50:33] [zabbix-util.cpp->findHost()] Found host with: host_name=fake_dh.hung_Linux_host, ip_addr=127.0.0.1 and host_id=10629
[2025-07-02 22:50:34] [zabbix-util.cpp->getAllItemOfHost()] Get item of 10629 successfully. Number of item is: 3
[2025-07-02 23:03:53] [zabbix-util.cpp->createTemplate()] Create template successfully: template_name=default_linux_maxi_team_01, template_id=10668
[2025-07-02 23:03:53] [zabbix-util.cpp->createItem()] Create item successfully: item_name=CPU Load, item_id=49270
[2025-07-02 23:03:53] [zabbix-util.cpp->createItem()] Create item successfully: item_name=Free Memory, item_id=49271
[2025-07-02 23:03:53] [zabbix-util.cpp->createItem()] Create item successfully: item_name=Disk Space, item_id=49272
[2025-07-02 23:03:53] [zabbix-util.cpp->createTrigger()] Create trigger fail: trigger_name=''
[2025-07-02 23:03:53] [zabbix-util.cpp->createTrigger()] Create trigger fail: trigger_name=''
[2025-07-02 23:09:08] [zabbix-util.cpp->createTemplate()] Create template successfully: template_name=default_linux_maxi_team_01, template_id=10669
[2025-07-02 23:09:08] [zabbix-util.cpp->createItem()] Create item successfully: item_name=CPU Load, item_id=49273
[2025-07-02 23:09:08] [zabbix-util.cpp->createItem()] Create item successfully: item_name=Free Memory, item_id=49274
[2025-07-02 23:09:08] [zabbix-util.cpp->createItem()] Create item successfully: item_name=Disk Space, item_id=49275
[2025-07-02 23:09:08] [zabbix-util.cpp->createTrigger()] Create trigger successfully: trigger_name='', trigger_id=24319
[2025-07-02 23:09:08] [zabbix-util.cpp->createTrigger()] Create trigger successfully: trigger_name='', trigger_id=24320
[2025-07-04 14:48:07] [zabbix-util.cpp->getHost()]Get host successfully: host_name=fake_dh.hung_Linux_host02
[2025-07-04 14:48:07] [zabbix-util.cpp->findHost()] Found host with: host_name=fake_dh.hung_Linux_host02, ip_addr=100.0.10.12 and host_id=10654
[2025-07-04 14:48:07] [zabbix-util.cpp->getAllItemOfHost()] Get item of 10654 successfully. Number of item is: 3
[2025-07-04 14:48:07] [zabbix-util.cpp->getAllTriggerOfHost()] Get trigger of 10654 successfully. Number of trigger is: 3
[2025-07-04 14:48:07] [zabbix-util.cpp->updateItem()] Update item successfully: itemid=48242
[2025-07-04 14:48:07] Update item success: host_name=fake_dh.hung_Linux_host02, host_ip=, item=CPU Load
[2025-07-04 14:48:07] [zabbix-util.cpp->updateItem()] Update item successfully: itemid=48243
[2025-07-04 14:48:07] Update item success: host_name=fake_dh.hung_Linux_host02, host_ip=, item=Free Memory
[2025-07-04 14:48:07] [zabbix-util.cpp->updateItem()] Update item successfully: itemid=48244
[2025-07-04 14:48:07] Update item success: host_name=fake_dh.hung_Linux_host02, host_ip=, item=Disk Space
[2025-07-04 14:48:08] [zabbix-util.cpp->deleteTrigger()] Delete trigger successfully: triggerid=23965
[2025-07-04 14:48:08] [zabbix-util.cpp->deleteTrigger()] Delete trigger successfully: triggerid=23966
[2025-07-04 14:48:08] [zabbix-util.cpp->deleteTrigger()] Delete trigger successfully: triggerid=23967
[2025-07-04 14:48:08] [zabbix-util.cpp->createTrigger()] Create trigger successfully: trigger_name='', trigger_id=24368
[2025-07-04 14:48:08] [zabbix-util.cpp->createTrigger()] Create trigger successfully: trigger_name='', trigger_id=24369
[2025-07-04 14:48:52] [zabbix-util.cpp->getHost()]Get host successfully: host_name=fake_dh.hung_Linux_host02
[2025-07-04 14:48:52] [zabbix-util.cpp->findHost()] Found host with: host_name=fake_dh.hung_Linux_host02, ip_addr=100.0.10.12 and host_id=10654
[2025-07-04 14:48:52] [zabbix-util.cpp->getAllItemOfHost()] Get item of 10654 successfully. Number of item is: 3
[2025-07-04 14:48:52] [zabbix-util.cpp->getAllTriggerOfHost()] Get trigger of 10654 successfully. Number of trigger is: 2
[2025-07-04 14:48:53] [zabbix-util.cpp->updateItem()] Update item successfully: itemid=48242
[2025-07-04 14:48:53] Update item success: host_name=fake_dh.hung_Linux_host02, host_ip=, item=CPU Load
[2025-07-04 14:48:53] [zabbix-util.cpp->updateItem()] Update item successfully: itemid=48243
[2025-07-04 14:48:53] Update item success: host_name=fake_dh.hung_Linux_host02, host_ip=, item=Free Memory
[2025-07-04 14:48:53] [zabbix-util.cpp->updateItem()] Update item successfully: itemid=48244
[2025-07-04 14:48:53] Update item success: host_name=fake_dh.hung_Linux_host02, host_ip=, item=Disk Space
[2025-07-04 14:48:53] [zabbix-util.cpp->deleteTrigger()] Delete trigger successfully: triggerid=24368
[2025-07-04 14:48:53] [zabbix-util.cpp->deleteTrigger()] Delete trigger successfully: triggerid=24369
[2025-07-04 14:48:53] [zabbix-util.cpp->createTrigger()] Create trigger successfully: trigger_name='', trigger_id=24370
[2025-07-04 14:48:53] [zabbix-util.cpp->createTrigger()] Create trigger successfully: trigger_name='', trigger_id=24371
[2025-07-04 15:15:26] [zabbix-util.cpp->getHost()]Get host successfully: host_name=fake_dh.hung_Linux_host02
[2025-07-04 15:15:26] [zabbix-util.cpp->findHost()] Found host with: host_name=fake_dh.hung_Linux_host02, ip_addr=100.0.10.12 and host_id=10654
[2025-07-04 15:15:26] [zabbix-util.cpp->getAllItemOfHost()] Get item of 10654 successfully. Number of item is: 0
[2025-07-04 15:15:26] [zabbix-util.cpp->getAllTriggerOfHost()] Get trigger of 10654 successfully. Number of trigger is: 0
[2025-07-04 15:15:26] [zabbix-util.cpp->createItem()] Create item successfully: item_name=CPU Load, item_id=49404
[2025-07-04 15:15:26] Create item success: host_name=fake_dh.hung_Linux_host02, host_ip=, item=CPU Load
[2025-07-04 15:15:26] [zabbix-util.cpp->createItem()] Create item successfully: item_name=Free Memory, item_id=49405
[2025-07-04 15:15:26] Create item success: host_name=fake_dh.hung_Linux_host02, host_ip=, item=Free Memory
[2025-07-04 15:15:26] [zabbix-util.cpp->createItem()] Create item successfully: item_name=Disk Space, item_id=49406
[2025-07-04 15:15:26] Create item success: host_name=fake_dh.hung_Linux_host02, host_ip=, item=Disk Space
[2025-07-04 15:15:26] Start create event: CPU_ALL@check_cpu_usage
[2025-07-04 15:15:26] [zabbix-util.cpp->createTrigger()] Create trigger fail: trigger_name=''
[2025-07-04 15:15:26] [zabbix-util.cpp->createTrigger()] Create trigger fail: trigger_name=''
[2025-07-04 15:15:26] Create event: CPU_ALL@check_cpu_usage failed
[2025-07-04 15:17:54] [zabbix-util.cpp->getHost()]Get host successfully: host_name=fake_dh.hung_Linux_host02
[2025-07-04 15:17:54] [zabbix-util.cpp->findHost()] Found host with: host_name=fake_dh.hung_Linux_host02, ip_addr=100.0.10.12 and host_id=10654
[2025-07-04 15:17:54] [zabbix-util.cpp->getAllItemOfHost()] Get item of 10654 successfully. Number of item is: 0
[2025-07-04 15:17:55] [zabbix-util.cpp->getAllTriggerOfHost()] Get trigger of 10654 successfully. Number of trigger is: 0
[2025-07-04 15:17:55] [zabbix-util.cpp->createItem()] Create item successfully: item_name=CPU Load, item_id=49407
[2025-07-04 15:17:55] Create item success: host_name=fake_dh.hung_Linux_host02, host_ip=, item=CPU Load
[2025-07-04 15:17:55] [zabbix-util.cpp->createItem()] Create item successfully: item_name=Free Memory, item_id=49408
[2025-07-04 15:17:55] Create item success: host_name=fake_dh.hung_Linux_host02, host_ip=, item=Free Memory
[2025-07-04 15:17:55] [zabbix-util.cpp->createItem()] Create item successfully: item_name=Disk Space, item_id=49409
[2025-07-04 15:17:55] Create item success: host_name=fake_dh.hung_Linux_host02, host_ip=, item=Disk Space
[2025-07-04 15:17:55] Start create event: CPU_ALL@check_cpu_usage
[2025-07-04 15:17:55] [zabbix-util.cpp->createTrigger()] Create trigger fail: trigger_name=''
[2025-07-04 15:17:55] [zabbix-util.cpp->createTrigger()] Create trigger fail: trigger_name=''
[2025-07-04 15:17:55] Create event: CPU_ALL@check_cpu_usage failed
[2025-07-04 15:25:25] [zabbix-util.cpp->getHost()]Get host successfully: host_name=fake_dh.hung_Linux_host02
[2025-07-04 15:25:25] [zabbix-util.cpp->findHost()] Found host with: host_name=fake_dh.hung_Linux_host02, ip_addr=100.0.10.12 and host_id=10654
[2025-07-04 15:25:25] [zabbix-util.cpp->getAllItemOfHost()] Get item of 10654 successfully. Number of item is: 3
[2025-07-04 15:25:25] [zabbix-util.cpp->getAllTriggerOfHost()] Get trigger of 10654 successfully. Number of trigger is: 0
[2025-07-04 15:25:25] [zabbix-util.cpp->updateItem()] Update item successfully: itemid=49407
[2025-07-04 15:25:25] Update item success: host_name=fake_dh.hung_Linux_host02, host_ip=, item=CPU Load
[2025-07-04 15:25:25] [zabbix-util.cpp->updateItem()] Update item successfully: itemid=49408
[2025-07-04 15:25:25] Update item success: host_name=fake_dh.hung_Linux_host02, host_ip=, item=Free Memory
[2025-07-04 15:25:26] [zabbix-util.cpp->updateItem()] Update item successfully: itemid=49409
[2025-07-04 15:25:26] Update item success: host_name=fake_dh.hung_Linux_host02, host_ip=, item=Disk Space
[2025-07-04 15:25:26] Start create event: CPU_ALL@check_cpu_usage
[2025-07-04 15:25:26] [zabbix-util.cpp->createTrigger()] Create trigger successfully: trigger_name='', trigger_id=24372
[2025-07-04 15:25:26] [zabbix-util.cpp->createTrigger()] Create trigger successfully: trigger_name='', trigger_id=24373
[2025-07-04 15:25:26] Create event: CPU_ALL@check_cpu_usage successfully
[2025-07-04 15:26:38] [zabbix-util.cpp->getHost()]Get host successfully: host_name=fake_dh.hung_Linux_host02
[2025-07-04 15:26:38] [zabbix-util.cpp->findHost()] Found host with: host_name=fake_dh.hung_Linux_host02, ip_addr=100.0.10.12 and host_id=10654
[2025-07-04 15:26:39] [zabbix-util.cpp->getAllItemOfHost()] Get item of 10654 successfully. Number of item is: 3
[2025-07-04 15:26:39] [zabbix-util.cpp->getAllTriggerOfHost()] Get trigger of 10654 successfully. Number of trigger is: 2
[2025-07-04 15:26:39] [zabbix-util.cpp->updateItem()] Update item successfully: itemid=49407
[2025-07-04 15:26:39] Update item success: host_name=fake_dh.hung_Linux_host02, host_ip=, item=CPU Load
[2025-07-04 15:26:39] [zabbix-util.cpp->updateItem()] Update item successfully: itemid=49408
[2025-07-04 15:26:39] Update item success: host_name=fake_dh.hung_Linux_host02, host_ip=, item=Free Memory
[2025-07-04 15:26:39] [zabbix-util.cpp->updateItem()] Update item successfully: itemid=49409
[2025-07-04 15:26:39] Update item success: host_name=fake_dh.hung_Linux_host02, host_ip=, item=Disk Space
[2025-07-04 15:26:39] [zabbix-util.cpp->deleteTrigger()] Delete trigger successfully: triggerid=24372
[2025-07-04 15:26:39] [zabbix-util.cpp->deleteTrigger()] Delete trigger successfully: triggerid=24373
[2025-07-04 15:26:39] [zabbix-util.cpp->createTrigger()] Create trigger successfully: trigger_name='', trigger_id=24374
[2025-07-04 15:26:39] [zabbix-util.cpp->createTrigger()] Create trigger successfully: trigger_name='', trigger_id=24375
[2025-07-04 15:26:40] [zabbix-util.cpp->createTrigger()] Create trigger fail: trigger_name=''
[2025-07-04 15:30:02] [zabbix-util.cpp->getHost()]Get host successfully: host_name=fake_dh.hung_Linux_host02
[2025-07-04 15:30:02] [zabbix-util.cpp->findHost()] Found host with: host_name=fake_dh.hung_Linux_host02, ip_addr=100.0.10.12 and host_id=10654
[2025-07-04 15:30:02] [zabbix-util.cpp->getAllItemOfHost()] Get item of 10654 successfully. Number of item is: 3
[2025-07-04 15:30:03] [zabbix-util.cpp->getAllTriggerOfHost()] Get trigger of 10654 successfully. Number of trigger is: 2
[2025-07-04 15:30:03] [zabbix-util.cpp->updateItem()] Update item successfully: itemid=49407
[2025-07-04 15:30:03] Update item success: host_name=fake_dh.hung_Linux_host02, host_ip=, item=CPU Load
[2025-07-04 15:30:03] [zabbix-util.cpp->updateItem()] Update item successfully: itemid=49408
[2025-07-04 15:30:03] Update item success: host_name=fake_dh.hung_Linux_host02, host_ip=, item=Free Memory
[2025-07-04 15:30:03] [zabbix-util.cpp->updateItem()] Update item successfully: itemid=49409
[2025-07-04 15:30:03] Update item success: host_name=fake_dh.hung_Linux_host02, host_ip=, item=Disk Space
[2025-07-04 15:30:03] [zabbix-util.cpp->deleteTrigger()] Delete trigger successfully: triggerid=24374
[2025-07-04 15:30:03] [zabbix-util.cpp->deleteTrigger()] Delete trigger successfully: triggerid=24375
[2025-07-04 15:30:03] [zabbix-util.cpp->createTrigger()] Create trigger successfully: trigger_name='', trigger_id=24376
[2025-07-04 15:30:03] [zabbix-util.cpp->createTrigger()] Create trigger successfully: trigger_name='', trigger_id=24377
[2025-07-04 15:30:03] [zabbix-util.cpp->createTrigger()] Create trigger fail: trigger_name=''
[2025-07-04 15:31:02] [zabbix-util.cpp->getHost()]Get host successfully: host_name=fake_dh.hung_Linux_host02
[2025-07-04 15:31:02] [zabbix-util.cpp->findHost()] Found host with: host_name=fake_dh.hung_Linux_host02, ip_addr=100.0.10.12 and host_id=10654
[2025-07-04 15:31:02] [zabbix-util.cpp->getAllItemOfHost()] Get item of 10654 successfully. Number of item is: 3
[2025-07-04 15:31:02] [zabbix-util.cpp->getAllTriggerOfHost()] Get trigger of 10654 successfully. Number of trigger is: 2
[2025-07-04 15:31:03] [zabbix-util.cpp->updateItem()] Update item successfully: itemid=49407
[2025-07-04 15:31:03] Update item success: host_name=fake_dh.hung_Linux_host02, host_ip=, item=CPU Load
[2025-07-04 15:31:03] [zabbix-util.cpp->updateItem()] Update item successfully: itemid=49408
[2025-07-04 15:31:03] Update item success: host_name=fake_dh.hung_Linux_host02, host_ip=, item=Free Memory
[2025-07-04 15:31:03] [zabbix-util.cpp->updateItem()] Update item successfully: itemid=49409
[2025-07-04 15:31:03] Update item success: host_name=fake_dh.hung_Linux_host02, host_ip=, item=Disk Space
[2025-07-04 15:31:03] [zabbix-util.cpp->deleteTrigger()] Delete trigger successfully: triggerid=24376
[2025-07-04 15:31:03] [zabbix-util.cpp->deleteTrigger()] Delete trigger successfully: triggerid=24377
[2025-07-04 15:31:03] [zabbix-util.cpp->createTrigger()] Create trigger successfully: trigger_name='', trigger_id=24378
[2025-07-04 15:31:03] [zabbix-util.cpp->createTrigger()] Create trigger successfully: trigger_name='', trigger_id=24379
[2025-07-04 15:31:03] [zabbix-util.cpp->createTrigger()] Create trigger successfully: trigger_name='', trigger_id=24380
[2025-07-04 15:32:41] [zabbix-util.cpp->getHost()]Get host successfully: host_name=fake_dh.hung_Linux_host02
[2025-07-04 15:32:41] [zabbix-util.cpp->findHost()] Found host with: host_name=fake_dh.hung_Linux_host02, ip_addr=100.0.10.12 and host_id=10654
[2025-07-04 15:32:41] [zabbix-util.cpp->getAllItemOfHost()] Get item of 10654 successfully. Number of item is: 3
[2025-07-04 15:32:42] [zabbix-util.cpp->getAllTriggerOfHost()] Get trigger of 10654 successfully. Number of trigger is: 3
[2025-07-04 15:32:42] [zabbix-util.cpp->updateItem()] Update item successfully: itemid=49407
[2025-07-04 15:32:42] Update item success: host_name=fake_dh.hung_Linux_host02, host_ip=, item=CPU Load
[2025-07-04 15:32:42] [zabbix-util.cpp->updateItem()] Update item successfully: itemid=49408
[2025-07-04 15:32:42] Update item success: host_name=fake_dh.hung_Linux_host02, host_ip=, item=Free Memory
[2025-07-04 15:32:42] [zabbix-util.cpp->updateItem()] Update item successfully: itemid=49409
[2025-07-04 15:32:42] Update item success: host_name=fake_dh.hung_Linux_host02, host_ip=, item=Disk Space
[2025-07-04 15:32:42] [zabbix-util.cpp->deleteTrigger()] Delete trigger successfully: triggerid=24378
[2025-07-04 15:32:42] [zabbix-util.cpp->deleteTrigger()] Delete trigger successfully: triggerid=24379
[2025-07-04 15:32:42] [zabbix-util.cpp->deleteTrigger()] Delete trigger successfully: triggerid=24380
[2025-07-04 15:32:42] [zabbix-util.cpp->createTrigger()] Create trigger successfully: trigger_name='', trigger_id=24381
[2025-07-04 15:32:42] [zabbix-util.cpp->createTrigger()] Create trigger successfully: trigger_name='', trigger_id=24382
[2025-07-04 15:32:42] [zabbix-util.cpp->createTrigger()] Create trigger successfully: trigger_name='', trigger_id=24383
[2025-07-04 15:37:03] [zabbix-util.cpp->getHost()]Get host successfully: host_name=fake_dh.hung_Linux_host02
[2025-07-04 15:37:03] [zabbix-util.cpp->findHost()] Found host with: host_name=fake_dh.hung_Linux_host02, ip_addr=100.0.10.12 and host_id=10654
[2025-07-04 15:37:03] [zabbix-util.cpp->getAllItemOfHost()] Get item of 10654 successfully. Number of item is: 3
[2025-07-04 15:37:03] [zabbix-util.cpp->getAllTriggerOfHost()] Get trigger of 10654 successfully. Number of trigger is: 3
[2025-07-04 15:37:03] [zabbix-util.cpp->updateItem()] Update item successfully: itemid=49407
[2025-07-04 15:37:03] Update item success: host_name=fake_dh.hung_Linux_host02, host_ip=, item=CPU Load
[2025-07-04 15:37:03] [zabbix-util.cpp->updateItem()] Update item successfully: itemid=49408
[2025-07-04 15:37:03] Update item success: host_name=fake_dh.hung_Linux_host02, host_ip=, item=Free Memory
[2025-07-04 15:37:03] [zabbix-util.cpp->updateItem()] Update item successfully: itemid=49409
[2025-07-04 15:37:03] Update item success: host_name=fake_dh.hung_Linux_host02, host_ip=, item=Disk Space
[2025-07-04 15:37:03] [zabbix-util.cpp->deleteTrigger()] Delete trigger successfully: triggerid=24381
[2025-07-04 15:37:03] [zabbix-util.cpp->deleteTrigger()] Delete trigger successfully: triggerid=24382
[2025-07-04 15:37:04] [zabbix-util.cpp->deleteTrigger()] Delete trigger successfully: triggerid=24383
[2025-07-04 15:37:04] [zabbix-util.cpp->createTrigger()] Create trigger successfully: trigger_name='', trigger_id=24384
[2025-07-04 15:37:04] [zabbix-util.cpp->createTrigger()] Create trigger successfully: trigger_name='', trigger_id=24385
[2025-07-04 15:37:04] [zabbix-util.cpp->createTrigger()] Create trigger fail: trigger_name=''
[2025-07-05 10:59:29] [zabbix-util.cpp->getHost()]Get host successfully: host_name=fake_dh.hung_Linux_host02
[2025-07-05 10:59:29] [zabbix-util.cpp->findHost()] Can not find any host with: host_name=fake_dh.hung_Linux_host02, ip_addr=127.0.0.1
[2025-07-05 10:59:29] [zabbix-util.cpp->getAllItemOfHost()] Get item of -1 successfully. Number of item is: 0
[2025-07-05 10:59:29] [zabbix-util.cpp->getAllTriggerOfHost()] Get trigger of -1 successfully. Number of trigger is: 0
[2025-07-05 10:59:29] [zabbix-util.cpp->createItem()] Create template fail: item_name=CPU Load
[2025-07-05 10:59:29] Create item fail: host_name=Na, host_ip=, item=CPU Load
[2025-07-05 10:59:29] [zabbix-util.cpp->createItem()] Create template fail: item_name=Free Memory
[2025-07-05 10:59:29] Create item fail: host_name=Na, host_ip=, item=Free Memory
[2025-07-05 10:59:29] [zabbix-util.cpp->createItem()] Create template fail: item_name=Disk Space
[2025-07-05 10:59:29] Create item fail: host_name=Na, host_ip=, item=Disk Space
[2025-07-05 10:59:29] Start create event: CPU_ALL@check_cpu_usage
[2025-07-05 10:59:29] [zabbix-util.cpp->createTrigger()] Create trigger fail: trigger_name=''
[2025-07-05 10:59:29] [zabbix-util.cpp->createTrigger()] Create trigger fail: trigger_name=''
[2025-07-05 10:59:29] [zabbix-util.cpp->createTrigger()] Create trigger fail: trigger_name=''
[2025-07-05 10:59:29] Create event: CPU_ALL@check_cpu_usage failed
[2025-07-05 11:00:37] [zabbix-util.cpp->getHost()]Get host successfully: host_name=fake_dh.hung_Linux_host02
[2025-07-05 11:00:37] [zabbix-util.cpp->findHost()] Found host with: host_name=fake_dh.hung_Linux_host02, ip_addr=100.0.10.12 and host_id=10654
[2025-07-05 11:00:37] [zabbix-util.cpp->getAllItemOfHost()] Get item of 10654 successfully. Number of item is: 3
[2025-07-05 11:00:37] [zabbix-util.cpp->getAllTriggerOfHost()] Get trigger of 10654 successfully. Number of trigger is: 0
[2025-07-05 11:00:37] [zabbix-util.cpp->updateItem()] Update item successfully: itemid=49407
[2025-07-05 11:00:37] Update item success: host_name=fake_dh.hung_Linux_host02, host_ip=, item=CPU Load
[2025-07-05 11:00:37] [zabbix-util.cpp->updateItem()] Update item successfully: itemid=49408
[2025-07-05 11:00:37] Update item success: host_name=fake_dh.hung_Linux_host02, host_ip=, item=Free Memory
[2025-07-05 11:00:37] [zabbix-util.cpp->updateItem()] Update item successfully: itemid=49409
[2025-07-05 11:00:37] Update item success: host_name=fake_dh.hung_Linux_host02, host_ip=, item=Disk Space
[2025-07-05 11:00:37] Start create event: CPU_ALL@check_cpu_usage
[2025-07-05 11:00:37] [zabbix-util.cpp->createTrigger()] Create trigger successfully: trigger_name='', trigger_id=24386
[2025-07-05 11:00:37] [zabbix-util.cpp->createTrigger()] Create trigger successfully: trigger_name='', trigger_id=24387
[2025-07-05 11:00:37] [zabbix-util.cpp->createTrigger()] Create trigger fail: trigger_name=''
[2025-07-05 11:00:37] Create event: CPU_ALL@check_cpu_usage failed
[2025-07-05 11:01:10] [zabbix-util.cpp->getHost()]Get host successfully: host_name=fake_dh.hung_Linux_host02
[2025-07-05 11:01:10] [zabbix-util.cpp->findHost()] Found host with: host_name=fake_dh.hung_Linux_host02, ip_addr=100.0.10.12 and host_id=10654
[2025-07-05 11:01:10] [zabbix-util.cpp->getAllItemOfHost()] Get item of 10654 successfully. Number of item is: 3
[2025-07-05 11:01:10] [zabbix-util.cpp->getAllTriggerOfHost()] Get trigger of 10654 successfully. Number of trigger is: 2
[2025-07-05 11:01:10] [zabbix-util.cpp->updateItem()] Update item successfully: itemid=49407
[2025-07-05 11:01:10] Update item success: host_name=fake_dh.hung_Linux_host02, host_ip=, item=CPU Load
[2025-07-05 11:01:10] [zabbix-util.cpp->updateItem()] Update item successfully: itemid=49408
[2025-07-05 11:01:10] Update item success: host_name=fake_dh.hung_Linux_host02, host_ip=, item=Free Memory
[2025-07-05 11:01:10] [zabbix-util.cpp->updateItem()] Update item successfully: itemid=49409
[2025-07-05 11:01:10] Update item success: host_name=fake_dh.hung_Linux_host02, host_ip=, item=Disk Space
[2025-07-05 11:01:10] [zabbix-util.cpp->deleteTrigger()] Delete trigger successfully: triggerid=24386
[2025-07-05 11:01:10] [zabbix-util.cpp->deleteTrigger()] Delete trigger successfully: triggerid=24387
[2025-07-05 11:01:10] [zabbix-util.cpp->createTrigger()] Create trigger successfully: trigger_name='', trigger_id=24388
[2025-07-05 11:01:10] [zabbix-util.cpp->createTrigger()] Create trigger successfully: trigger_name='', trigger_id=24389
[2025-07-05 11:01:10] [zabbix-util.cpp->createTrigger()] Create trigger fail: trigger_name=''
[2025-07-05 11:02:42] [zabbix-util.cpp->getHost()]Get host successfully: host_name=fake_dh.hung_Linux_host02
[2025-07-05 11:02:42] [zabbix-util.cpp->findHost()] Can not find any host with: host_name=fake_dh.hung_Linux_host02, ip_addr=100.0.10.12
[2025-07-05 11:02:42] [zabbix-util.cpp->getAllItemOfHost()] Get item of -1 successfully. Number of item is: 0
[2025-07-05 11:02:42] [zabbix-util.cpp->getAllTriggerOfHost()] Get trigger of -1 successfully. Number of trigger is: 0
[2025-07-05 11:02:42] [zabbix-util.cpp->createItem()] Create template fail: item_name=CPU Load
[2025-07-05 11:02:42] Create item fail: host_name=Na, host_ip=, item=CPU Load
[2025-07-05 11:02:42] [zabbix-util.cpp->createItem()] Create template fail: item_name=Free Memory
[2025-07-05 11:02:42] Create item fail: host_name=Na, host_ip=, item=Free Memory
[2025-07-05 11:02:42] [zabbix-util.cpp->createItem()] Create template fail: item_name=Disk Space
[2025-07-05 11:02:42] Create item fail: host_name=Na, host_ip=, item=Disk Space
[2025-07-05 11:02:42] Start create event: CPU_ALL@check_cpu_usage
[2025-07-05 11:02:42] [zabbix-util.cpp->createTrigger()] Create trigger fail: trigger_name=''
[2025-07-05 11:02:42] [zabbix-util.cpp->createTrigger()] Create trigger fail: trigger_name=''
[2025-07-05 11:02:42] Create event: CPU_ALL@check_cpu_usage failed
[2025-07-05 11:03:57] [zabbix-util.cpp->getHost()]Get host successfully: host_name=fake_dh.hung_Linux_host02
[2025-07-05 11:03:57] [zabbix-util.cpp->findHost()] Found host with: host_name=fake_dh.hung_Linux_host02, ip_addr=100.0.10.12 and host_id=10670
[2025-07-05 11:03:57] [zabbix-util.cpp->getAllItemOfHost()] Get item of 10670 successfully. Number of item is: 0
[2025-07-05 11:03:57] [zabbix-util.cpp->getAllTriggerOfHost()] Get trigger of 10670 successfully. Number of trigger is: 0
[2025-07-05 11:03:57] [zabbix-util.cpp->createItem()] Create item successfully: item_name=CPU Load, item_id=49410
[2025-07-05 11:03:57] Create item success: host_name=fake_dh.hung_Linux_host02, host_ip=, item=CPU Load
[2025-07-05 11:03:57] [zabbix-util.cpp->createItem()] Create item successfully: item_name=Free Memory, item_id=49411
[2025-07-05 11:03:57] Create item success: host_name=fake_dh.hung_Linux_host02, host_ip=, item=Free Memory
[2025-07-05 11:03:57] [zabbix-util.cpp->createItem()] Create item successfully: item_name=Disk Space, item_id=49412
[2025-07-05 11:03:57] Create item success: host_name=fake_dh.hung_Linux_host02, host_ip=, item=Disk Space
[2025-07-05 11:03:57] Start create event: CPU_ALL@check_cpu_usage
[2025-07-05 11:03:57] [zabbix-util.cpp->createTrigger()] Create trigger successfully: trigger_name='', trigger_id=24390
[2025-07-05 11:03:57] [zabbix-util.cpp->createTrigger()] Create trigger successfully: trigger_name='', trigger_id=24391
[2025-07-05 11:03:57] Create event: CPU_ALL@check_cpu_usage successfully
[2025-07-05 11:04:44] [zabbix-util.cpp->getHost()]Get host successfully: host_name=fake_dh.hung_Linux_host02
[2025-07-05 11:04:44] [zabbix-util.cpp->findHost()] Found host with: host_name=fake_dh.hung_Linux_host02, ip_addr=100.0.10.12 and host_id=10670
[2025-07-05 11:04:44] [zabbix-util.cpp->getAllItemOfHost()] Get item of 10670 successfully. Number of item is: 0
[2025-07-05 11:04:44] [zabbix-util.cpp->getAllTriggerOfHost()] Get trigger of 10670 successfully. Number of trigger is: 0
[2025-07-05 11:04:44] [zabbix-util.cpp->createItem()] Create item successfully: item_name=CPU Load, item_id=49413
[2025-07-05 11:04:44] Create item success: host_name=fake_dh.hung_Linux_host02, host_ip=, item=CPU Load
[2025-07-05 11:04:44] [zabbix-util.cpp->createItem()] Create item successfully: item_name=Free Memory, item_id=49414
[2025-07-05 11:04:44] Create item success: host_name=fake_dh.hung_Linux_host02, host_ip=, item=Free Memory
[2025-07-05 11:04:44] [zabbix-util.cpp->createItem()] Create item successfully: item_name=Disk Space, item_id=49415
[2025-07-05 11:04:44] Create item success: host_name=fake_dh.hung_Linux_host02, host_ip=, item=Disk Space
[2025-07-05 11:04:44] Start create event: CPU_ALL@check_cpu_usage
[2025-07-05 11:04:44] [zabbix-util.cpp->createTrigger()] Create trigger successfully: trigger_name='', trigger_id=24392
[2025-07-05 11:04:44] [zabbix-util.cpp->createTrigger()] Create trigger successfully: trigger_name='', trigger_id=24393
[2025-07-05 11:04:44] Create event: CPU_ALL@check_cpu_usage successfully
[2025-07-05 11:05:15] [zabbix-util.cpp->getHost()]Get host successfully: host_name=fake_dh.hung_Linux_host02000
[2025-07-05 11:05:15] [zabbix-util.cpp->findHost()] Can not find any host with: host_name=fake_dh.hung_Linux_host02000, ip_addr=100.0.10.12
[2025-07-05 11:05:15] [zabbix-util.cpp->getAllItemOfHost()] Get item of -1 successfully. Number of item is: 0
[2025-07-05 11:05:15] [zabbix-util.cpp->getAllTriggerOfHost()] Get trigger of -1 successfully. Number of trigger is: 0
[2025-07-05 11:05:15] [zabbix-util.cpp->createItem()] Create template fail: item_name=CPU Load
[2025-07-05 11:05:15] Create item fail: host_name=Na, host_ip=, item=CPU Load
[2025-07-05 11:05:15] [zabbix-util.cpp->createItem()] Create template fail: item_name=Free Memory
[2025-07-05 11:05:15] Create item fail: host_name=Na, host_ip=, item=Free Memory
[2025-07-05 11:05:15] [zabbix-util.cpp->createItem()] Create template fail: item_name=Disk Space
[2025-07-05 11:05:15] Create item fail: host_name=Na, host_ip=, item=Disk Space
[2025-07-05 11:05:15] Start create event: CPU_ALL@check_cpu_usage
[2025-07-05 11:05:15] [zabbix-util.cpp->createTrigger()] Create trigger fail: trigger_name=''
[2025-07-05 11:05:15] [zabbix-util.cpp->createTrigger()] Create trigger fail: trigger_name=''
[2025-07-05 11:05:15] Create event: CPU_ALL@check_cpu_usage failed
[2025-07-05 11:05:39] [zabbix-util.cpp->getHost()]Get host successfully: host_name=fake_dh.hung_Linux_host02000
[2025-07-05 11:05:39] [zabbix-util.cpp->findHost()] Can not find any host with: host_name=fake_dh.hung_Linux_host02000, ip_addr=100.0.10.12
[2025-07-05 11:05:39] [zabbix-util.cpp->getAllItemOfHost()] Get item of -1 successfully. Number of item is: 0
[2025-07-05 11:05:39] [zabbix-util.cpp->getAllTriggerOfHost()] Get trigger of -1 successfully. Number of trigger is: 0
[2025-07-05 11:05:39] [zabbix-util.cpp->createItem()] Create template fail: item_name=CPU Load
[2025-07-05 11:05:39] Create item fail: host_name=Na, host_ip=, item=CPU Load
[2025-07-05 11:05:39] [zabbix-util.cpp->createItem()] Create template fail: item_name=Free Memory
[2025-07-05 11:05:39] Create item fail: host_name=Na, host_ip=, item=Free Memory
[2025-07-05 11:05:39] [zabbix-util.cpp->createItem()] Create template fail: item_name=Disk Space
[2025-07-05 11:05:39] Create item fail: host_name=Na, host_ip=, item=Disk Space
[2025-07-05 11:05:39] Start create event: CPU_ALL@check_cpu_usage
[2025-07-05 11:05:39] [zabbix-util.cpp->createTrigger()] Create trigger fail: trigger_name=''
[2025-07-05 11:05:39] [zabbix-util.cpp->createTrigger()] Create trigger fail: trigger_name=''
[2025-07-05 11:05:39] Create event: CPU_ALL@check_cpu_usage failed
[2025-07-05 11:24:48] [zabbix-util.cpp->getHost()]Get host successfully: host_name=fake_dh.hung_Linux_host02
[2025-07-05 11:24:48] [zabbix-util.cpp->findHost()] Found host with: host_name=fake_dh.hung_Linux_host02, ip_addr=100.0.10.12 and host_id=10670
[2025-07-05 11:24:48] [zabbix-util.cpp->getHost()]Get host successfully: host_name=fake_dh.hung_Linux_host01
[2025-07-05 11:24:48] [zabbix-util.cpp->findHost()] Found host with: host_name=fake_dh.hung_Linux_host01, ip_addr=128.123.100.12 and host_id=10657
[2025-07-05 11:24:49] [zabbix-util.cpp->getHost()]Get host successfully: host_name=fake_dh.hung_Linux_host03
[2025-07-05 11:24:49] [zabbix-util.cpp->findHost()] Found host with: host_name=fake_dh.hung_Linux_host03, ip_addr=172.184.112.224 and host_id=10658
[2025-07-05 11:24:49] [zabbix-util.cpp->getHost()]Get host successfully: host_name=fake_dh.hung_Linux_host
[2025-07-05 11:24:49] [zabbix-util.cpp->findHost()] Can not find any host with: host_name=fake_dh.hung_Linux_host, ip_addr=127.0.0.11
[2025-07-05 11:24:49] [zabbix-util.cpp->getAllItemOfHost()] Get item of 10670 successfully. Number of item is: 0
[2025-07-05 11:24:49] [zabbix-util.cpp->getAllTriggerOfHost()] Get trigger of 10670 successfully. Number of trigger is: 0
[2025-07-05 11:24:49] [zabbix-util.cpp->createItem()] Create item successfully: item_name=CPU Load, item_id=49416
[2025-07-05 11:24:49] Create item success: host_name=fake_dh.hung_Linux_host02, host_ip=, item=CPU Load
[2025-07-05 11:24:49] [zabbix-util.cpp->createItem()] Create item successfully: item_name=Free Memory, item_id=49417
[2025-07-05 11:24:49] Create item success: host_name=fake_dh.hung_Linux_host02, host_ip=, item=Free Memory
[2025-07-05 11:24:49] [zabbix-util.cpp->createItem()] Create item successfully: item_name=Disk Space, item_id=49418
[2025-07-05 11:24:49] Create item success: host_name=fake_dh.hung_Linux_host02, host_ip=, item=Disk Space
[2025-07-05 11:24:49] Start create event: CPU_ALL@check_cpu_usage
[2025-07-05 11:24:49] [zabbix-util.cpp->createTrigger()] Create trigger successfully: trigger_name='', trigger_id=24394
[2025-07-05 11:24:49] [zabbix-util.cpp->createTrigger()] Create trigger successfully: trigger_name='', trigger_id=24395
[2025-07-05 11:24:49] Create event: CPU_ALL@check_cpu_usage successfully
[2025-07-05 11:24:49] [zabbix-util.cpp->getAllItemOfHost()] Get item of 10657 successfully. Number of item is: 3
[2025-07-05 11:24:49] [zabbix-util.cpp->getAllTriggerOfHost()] Get trigger of 10657 successfully. Number of trigger is: 2
[2025-07-05 11:24:49] [zabbix-util.cpp->updateItem()] Update item successfully: itemid=48392
[2025-07-05 11:24:49] Update item success: host_name=fake_dh.hung_Linux_host01, host_ip=, item=CPU Load
[2025-07-05 11:24:49] [zabbix-util.cpp->updateItem()] Update item successfully: itemid=48393
[2025-07-05 11:24:49] Update item success: host_name=fake_dh.hung_Linux_host01, host_ip=, item=Free Memory
[2025-07-05 11:24:49] [zabbix-util.cpp->updateItem()] Update item successfully: itemid=48394
[2025-07-05 11:24:49] Update item success: host_name=fake_dh.hung_Linux_host01, host_ip=, item=Disk Space
[2025-07-05 11:24:49] Start create event: CPU_ALL@check_cpu_usage
[2025-07-05 11:24:49] [zabbix-util.cpp->createTrigger()] Create trigger successfully: trigger_name='', trigger_id=24396
[2025-07-05 11:24:49] [zabbix-util.cpp->createTrigger()] Create trigger successfully: trigger_name='', trigger_id=24397
[2025-07-05 11:24:49] Create event: CPU_ALL@check_cpu_usage successfully
[2025-07-05 11:24:49] [zabbix-util.cpp->getAllItemOfHost()] Get item of 10658 successfully. Number of item is: 3
[2025-07-05 11:24:49] [zabbix-util.cpp->getAllTriggerOfHost()] Get trigger of 10658 successfully. Number of trigger is: 3
[2025-07-05 11:24:50] [zabbix-util.cpp->updateItem()] Update item successfully: itemid=48377
[2025-07-05 11:24:50] Update item success: host_name=fake_dh.hung_Linux_host03, host_ip=, item=CPU Load
[2025-07-05 11:24:50] [zabbix-util.cpp->updateItem()] Update item successfully: itemid=48378
[2025-07-05 11:24:50] Update item success: host_name=fake_dh.hung_Linux_host03, host_ip=, item=Free Memory
[2025-07-05 11:24:50] [zabbix-util.cpp->updateItem()] Update item successfully: itemid=48379
[2025-07-05 11:24:50] Update item success: host_name=fake_dh.hung_Linux_host03, host_ip=, item=Disk Space
[2025-07-05 11:24:50] [zabbix-util.cpp->deleteTrigger()] Delete trigger successfully: triggerid=23968
[2025-07-05 11:24:50] [zabbix-util.cpp->deleteTrigger()] Delete trigger successfully: triggerid=23969
[2025-07-05 11:24:50] [zabbix-util.cpp->deleteTrigger()] Delete trigger successfully: triggerid=23970
[2025-07-05 11:24:50] [zabbix-util.cpp->createTrigger()] Create trigger successfully: trigger_name='', trigger_id=24398
[2025-07-05 11:24:50] [zabbix-util.cpp->createTrigger()] Create trigger successfully: trigger_name='', trigger_id=24399
[2025-07-05 11:26:25] [zabbix-util.cpp->getHost()]Get host successfully: host_name=fake_dh.hung_Linux_host02
[2025-07-05 11:26:25] [zabbix-util.cpp->findHost()] Found host with: host_name=fake_dh.hung_Linux_host02, ip_addr=100.0.10.12 and host_id=10670
[2025-07-05 11:26:25] [zabbix-util.cpp->getHost()]Get host successfully: host_name=fake_dh.hung_Linux_host01
[2025-07-05 11:26:25] [zabbix-util.cpp->findHost()] Found host with: host_name=fake_dh.hung_Linux_host01, ip_addr=128.123.100.12 and host_id=10657
[2025-07-05 11:26:25] [zabbix-util.cpp->getHost()]Get host successfully: host_name=fake_dh.hung_Linux_host03
[2025-07-05 11:26:25] [zabbix-util.cpp->findHost()] Found host with: host_name=fake_dh.hung_Linux_host03, ip_addr=172.184.112.224 and host_id=10658
[2025-07-05 11:26:25] [zabbix-util.cpp->getHost()]Get host successfully: host_name=fake_dh.hung_Linux_host
[2025-07-05 11:26:25] [zabbix-util.cpp->findHost()] Can not find any host with: host_name=fake_dh.hung_Linux_host, ip_addr=127.0.0.11
[2025-07-05 11:27:00] [zabbix-util.cpp->getHost()]Get host successfully: host_name=fake_dh.hung_Linux_host02000
[2025-07-05 11:27:00] [zabbix-util.cpp->findHost()] Can not find any host with: host_name=fake_dh.hung_Linux_host02000, ip_addr=100.0.10.12
[2025-07-05 11:59:47] [zabbix-util.cpp->getHost()]Get host successfully: host_name=fake_dh.hung_Linux_host02000
[2025-07-05 11:59:47] [zabbix-util.cpp->findHost()] Can not find any host with: host_name=fake_dh.hung_Linux_host02000, ip_addr=100.0.10.12
[2025-07-05 11:59:56] [zabbix-util.cpp->getHost()]Get host successfully: host_name=fake_dh.hung_Linux_host02
[2025-07-05 11:59:56] [zabbix-util.cpp->findHost()] Found host with: host_name=fake_dh.hung_Linux_host02, ip_addr=100.0.10.12 and host_id=10670
[2025-07-05 11:59:56] [zabbix-util.cpp->getHost()]Get host successfully: host_name=fake_dh.hung_Linux_host01
[2025-07-05 11:59:56] [zabbix-util.cpp->findHost()] Found host with: host_name=fake_dh.hung_Linux_host01, ip_addr=128.123.100.12 and host_id=10657
[2025-07-05 11:59:56] [zabbix-util.cpp->getHost()]Get host successfully: host_name=fake_dh.hung_Linux_host03
[2025-07-05 11:59:56] [zabbix-util.cpp->findHost()] Found host with: host_name=fake_dh.hung_Linux_host03, ip_addr=172.184.112.224 and host_id=10658
[2025-07-05 11:59:56] [zabbix-util.cpp->getHost()]Get host successfully: host_name=fake_dh.hung_Linux_host
[2025-07-05 11:59:56] [zabbix-util.cpp->findHost()] Can not find any host with: host_name=fake_dh.hung_Linux_host, ip_addr=127.0.0.11
[2025-07-05 12:00:30] [zabbix-util.cpp->getHost()]Get host successfully: host_name=fake_dh.hung_Linux_host02
[2025-07-05 12:00:30] [zabbix-util.cpp->findHost()] Found host with: host_name=fake_dh.hung_Linux_host02, ip_addr=100.0.10.12 and host_id=10670
[2025-07-05 12:00:30] [zabbix-util.cpp->getHost()]Get host successfully: host_name=fake_dh.hung_Linux_host01
[2025-07-05 12:00:30] [zabbix-util.cpp->findHost()] Found host with: host_name=fake_dh.hung_Linux_host01, ip_addr=128.123.100.12 and host_id=10657
[2025-07-05 12:00:30] [zabbix-util.cpp->getHost()]Get host successfully: host_name=fake_dh.hung_Linux_host03
[2025-07-05 12:00:30] [zabbix-util.cpp->findHost()] Found host with: host_name=fake_dh.hung_Linux_host03, ip_addr=172.184.112.224 and host_id=10658
[2025-07-05 12:00:30] [zabbix-util.cpp->getHost()]Get host successfully: host_name=fake_dh.hung_Linux_host
[2025-07-05 12:00:30] [zabbix-util.cpp->findHost()] Found host with: host_name=fake_dh.hung_Linux_host, ip_addr=127.0.0.1 and host_id=10629
[2025-07-05 12:00:30] [zabbix-util.cpp->getAllItemOfHost()] Get item of 10670 successfully. Number of item is: 0
[2025-07-05 12:00:30] [zabbix-util.cpp->getAllTriggerOfHost()] Get trigger of 10670 successfully. Number of trigger is: 0
[2025-07-05 12:00:30] [zabbix-util.cpp->createItem()] Create item successfully: item_name=CPU Load, item_id=49419
[2025-07-05 12:00:30] Create item success: host_name=fake_dh.hung_Linux_host02, host_ip=, item=CPU Load
[2025-07-05 12:00:30] [zabbix-util.cpp->createItem()] Create item successfully: item_name=Free Memory, item_id=49420
[2025-07-05 12:00:30] Create item success: host_name=fake_dh.hung_Linux_host02, host_ip=, item=Free Memory
[2025-07-05 12:00:30] [zabbix-util.cpp->createItem()] Create item successfully: item_name=Disk Space, item_id=49421
[2025-07-05 12:00:30] Create item success: host_name=fake_dh.hung_Linux_host02, host_ip=, item=Disk Space
[2025-07-05 12:00:30] Start create event: CPU_ALL@check_cpu_usage
[2025-07-05 12:00:30] [zabbix-util.cpp->createTrigger()] Create trigger successfully: trigger_name='', trigger_id=24400
[2025-07-05 12:00:31] [zabbix-util.cpp->createTrigger()] Create trigger successfully: trigger_name='', trigger_id=24401
[2025-07-05 12:00:31] Create event: CPU_ALL@check_cpu_usage successfully
[2025-07-05 12:00:31] [zabbix-util.cpp->getAllItemOfHost()] Get item of 10657 successfully. Number of item is: 0
[2025-07-05 12:00:31] [zabbix-util.cpp->getAllTriggerOfHost()] Get trigger of 10657 successfully. Number of trigger is: 0
[2025-07-05 12:00:31] [zabbix-util.cpp->createItem()] Create item successfully: item_name=CPU Load, item_id=49422
[2025-07-05 12:00:31] Create item success: host_name=fake_dh.hung_Linux_host01, host_ip=, item=CPU Load
[2025-07-05 12:00:31] [zabbix-util.cpp->createItem()] Create item successfully: item_name=Free Memory, item_id=49423
[2025-07-05 12:00:31] Create item success: host_name=fake_dh.hung_Linux_host01, host_ip=, item=Free Memory
[2025-07-05 12:00:31] [zabbix-util.cpp->createItem()] Create item successfully: item_name=Disk Space, item_id=49424
[2025-07-05 12:00:31] Create item success: host_name=fake_dh.hung_Linux_host01, host_ip=, item=Disk Space
[2025-07-05 12:00:31] Start create event: CPU_ALL@check_cpu_usage
[2025-07-05 12:00:31] [zabbix-util.cpp->createTrigger()] Create trigger successfully: trigger_name='', trigger_id=24402
[2025-07-05 12:00:31] [zabbix-util.cpp->createTrigger()] Create trigger successfully: trigger_name='', trigger_id=24403
[2025-07-05 12:00:31] Create event: CPU_ALL@check_cpu_usage successfully
[2025-07-05 12:00:31] [zabbix-util.cpp->getAllItemOfHost()] Get item of 10658 successfully. Number of item is: 3
[2025-07-05 12:00:31] [zabbix-util.cpp->getAllTriggerOfHost()] Get trigger of 10658 successfully. Number of trigger is: 0
[2025-07-05 12:00:31] [zabbix-util.cpp->updateItem()] Update item successfully: itemid=48377
[2025-07-05 12:00:31] Update item success: host_name=fake_dh.hung_Linux_host03, host_ip=, item=CPU Load
[2025-07-05 12:00:31] [zabbix-util.cpp->updateItem()] Update item successfully: itemid=48378
[2025-07-05 12:00:31] Update item success: host_name=fake_dh.hung_Linux_host03, host_ip=, item=Free Memory
[2025-07-05 12:00:31] [zabbix-util.cpp->updateItem()] Update item successfully: itemid=48379
[2025-07-05 12:00:31] Update item success: host_name=fake_dh.hung_Linux_host03, host_ip=, item=Disk Space
[2025-07-05 12:00:31] Start create event: CPU_ALL@check_cpu_usage
[2025-07-05 12:00:32] [zabbix-util.cpp->createTrigger()] Create trigger successfully: trigger_name='', trigger_id=24404
[2025-07-05 12:00:32] [zabbix-util.cpp->createTrigger()] Create trigger successfully: trigger_name='', trigger_id=24405
[2025-07-05 12:00:32] Create event: CPU_ALL@check_cpu_usage successfully
[2025-07-05 12:00:32] [zabbix-util.cpp->getAllItemOfHost()] Get item of 10629 successfully. Number of item is: 0
[2025-07-05 12:00:32] [zabbix-util.cpp->getAllTriggerOfHost()] Get trigger of 10629 successfully. Number of trigger is: 0
[2025-07-05 12:00:32] [zabbix-util.cpp->createItem()] Create item successfully: item_name=CPU Load, item_id=49425
[2025-07-05 12:00:32] Create item success: host_name=fake_dh.hung_Linux_host, host_ip=, item=CPU Load
[2025-07-05 12:00:32] [zabbix-util.cpp->createItem()] Create item successfully: item_name=Free Memory, item_id=49426
[2025-07-05 12:00:32] Create item success: host_name=fake_dh.hung_Linux_host, host_ip=, item=Free Memory
[2025-07-05 12:00:32] [zabbix-util.cpp->createItem()] Create item successfully: item_name=Disk Space, item_id=49427
[2025-07-05 12:00:32] Create item success: host_name=fake_dh.hung_Linux_host, host_ip=, item=Disk Space
[2025-07-05 12:00:32] Start create event: CPU_ALL@check_cpu_usage
[2025-07-05 12:00:32] [zabbix-util.cpp->createTrigger()] Create trigger successfully: trigger_name='', trigger_id=24406
[2025-07-05 12:00:32] [zabbix-util.cpp->createTrigger()] Create trigger successfully: trigger_name='', trigger_id=24407
[2025-07-05 12:00:32] Create event: CPU_ALL@check_cpu_usage successfully
[2025-07-05 14:37:11] [zabbix-util.cpp->getHost()]Get host successfully: host_name=fake_dh.hung_Linux_host02
[2025-07-05 14:37:11] [zabbix-util.cpp->findHost()] Found host with: host_name=fake_dh.hung_Linux_host02, ip_addr=100.0.10.12 and host_id=10670
[2025-07-05 14:37:11] [zabbix-util.cpp->getHost()]Get host successfully: host_name=fake_dh.hung_Linux_host01
[2025-07-05 14:37:11] [zabbix-util.cpp->findHost()] Found host with: host_name=fake_dh.hung_Linux_host01, ip_addr=128.123.100.12 and host_id=10657
[2025-07-05 14:37:11] [zabbix-util.cpp->getHost()]Get host successfully: host_name=fake_dh.hung_Linux_host03
[2025-07-05 14:37:11] [zabbix-util.cpp->findHost()] Found host with: host_name=fake_dh.hung_Linux_host03, ip_addr=172.184.112.224 and host_id=10658
[2025-07-05 14:37:11] [zabbix-util.cpp->getHost()]Get host successfully: host_name=fake_dh.hung_Linux_host
[2025-07-05 14:37:11] [zabbix-util.cpp->findHost()] Found host with: host_name=fake_dh.hung_Linux_host, ip_addr=127.0.0.1 and host_id=10629
[2025-07-05 14:37:11] [zabbix-util.cpp->createTemplate()] Create template successfully: template_name=zabbix_test_template_1751701031, template_id=10671
[2025-07-05 14:37:12] [zabbix-util.cpp->createItem()] Create item successfully: item_name=CPU Load, item_id=49428
[2025-07-05 14:37:12] [zabbix-util.cpp->createItem()] Create item successfully: item_name=Free Memory, item_id=49429
[2025-07-05 14:37:12] [zabbix-util.cpp->createItem()] Create item successfully: item_name=Disk Space, item_id=49430
[2025-07-05 14:37:12] [zabbix-util.cpp->deleteTemplate()] Delete template successfully: template_name=zabbix_test_template_1751701031, template_id=10671
[2025-07-05 14:37:12] [zabbix-util.cpp->getAllItemOfHost()] Get item of 10670 successfully. Number of item is: 3
[2025-07-05 14:37:12] [zabbix-util.cpp->getAllTriggerOfHost()] Get trigger of 10670 successfully. Number of trigger is: 2
[2025-07-05 14:37:12] [zabbix-util.cpp->createItem()] Create item successfully: item_name=CPU Load, item_id=49431
[2025-07-05 14:37:12] Create item success: host_name=fake_dh.hung_Linux_host02, host_ip=, item=CPU Load
[2025-07-05 14:37:12] [zabbix-util.cpp->updateItem()] Update item successfully: itemid=49420
[2025-07-05 14:37:12] Update item success: host_name=fake_dh.hung_Linux_host02, host_ip=, item=Free Memory
[2025-07-05 14:37:12] [zabbix-util.cpp->updateItem()] Update item successfully: itemid=49421
[2025-07-05 14:37:12] Update item success: host_name=fake_dh.hung_Linux_host02, host_ip=, item=Disk Space
[2025-07-05 14:37:12] [zabbix-util.cpp->deleteTrigger()] Delete trigger successfully: triggerid=24400
[2025-07-05 14:37:12] [zabbix-util.cpp->deleteTrigger()] Delete trigger successfully: triggerid=24401
[2025-07-05 14:37:12] [zabbix-util.cpp->createTrigger()] Create trigger successfully: trigger_name='', trigger_id=24408
[2025-07-05 14:37:12] [zabbix-util.cpp->createTrigger()] Create trigger successfully: trigger_name='', trigger_id=24409
[2025-07-05 14:37:12] [zabbix-util.cpp->getAllItemOfHost()] Get item of 10657 successfully. Number of item is: 3
[2025-07-05 14:37:12] [zabbix-util.cpp->getAllTriggerOfHost()] Get trigger of 10657 successfully. Number of trigger is: 2
[2025-07-05 14:37:12] [zabbix-util.cpp->createItem()] Create item successfully: item_name=CPU Load, item_id=49432
[2025-07-05 14:37:12] Create item success: host_name=fake_dh.hung_Linux_host01, host_ip=, item=CPU Load
[2025-07-05 14:37:12] [zabbix-util.cpp->updateItem()] Update item successfully: itemid=49423
[2025-07-05 14:37:12] Update item success: host_name=fake_dh.hung_Linux_host01, host_ip=, item=Free Memory
[2025-07-05 14:37:12] [zabbix-util.cpp->updateItem()] Update item successfully: itemid=49424
[2025-07-05 14:37:12] Update item success: host_name=fake_dh.hung_Linux_host01, host_ip=, item=Disk Space
[2025-07-05 14:37:13] [zabbix-util.cpp->deleteTrigger()] Delete trigger successfully: triggerid=24402
[2025-07-05 14:37:13] [zabbix-util.cpp->deleteTrigger()] Delete trigger successfully: triggerid=24403
[2025-07-05 14:37:13] [zabbix-util.cpp->createTrigger()] Create trigger successfully: trigger_name='', trigger_id=24410
[2025-07-05 14:37:13] [zabbix-util.cpp->createTrigger()] Create trigger successfully: trigger_name='', trigger_id=24411
[2025-07-05 14:37:13] [zabbix-util.cpp->getAllItemOfHost()] Get item of 10658 successfully. Number of item is: 3
[2025-07-05 14:37:13] [zabbix-util.cpp->getAllTriggerOfHost()] Get trigger of 10658 successfully. Number of trigger is: 2
[2025-07-05 14:37:13] [zabbix-util.cpp->createItem()] Create item successfully: item_name=CPU Load, item_id=49433
[2025-07-05 14:37:13] Create item success: host_name=fake_dh.hung_Linux_host03, host_ip=, item=CPU Load
[2025-07-05 14:37:13] [zabbix-util.cpp->updateItem()] Update item successfully: itemid=48378
[2025-07-05 14:37:13] Update item success: host_name=fake_dh.hung_Linux_host03, host_ip=, item=Free Memory
[2025-07-05 14:37:13] [zabbix-util.cpp->updateItem()] Update item successfully: itemid=48379
[2025-07-05 14:37:13] Update item success: host_name=fake_dh.hung_Linux_host03, host_ip=, item=Disk Space
[2025-07-05 14:37:13] [zabbix-util.cpp->deleteTrigger()] Delete trigger successfully: triggerid=24404
[2025-07-05 14:37:13] [zabbix-util.cpp->deleteTrigger()] Delete trigger successfully: triggerid=24405
[2025-07-05 14:37:13] [zabbix-util.cpp->createTrigger()] Create trigger successfully: trigger_name='', trigger_id=24412
[2025-07-05 14:37:13] [zabbix-util.cpp->createTrigger()] Create trigger successfully: trigger_name='', trigger_id=24413
[2025-07-05 14:37:13] [zabbix-util.cpp->getAllItemOfHost()] Get item of 10629 successfully. Number of item is: 3
[2025-07-05 14:37:13] [zabbix-util.cpp->getAllTriggerOfHost()] Get trigger of 10629 successfully. Number of trigger is: 2
[2025-07-05 14:37:13] [zabbix-util.cpp->createItem()] Create item successfully: item_name=CPU Load, item_id=49434
[2025-07-05 14:37:13] Create item success: host_name=fake_dh.hung_Linux_host, host_ip=, item=CPU Load
[2025-07-05 14:37:13] [zabbix-util.cpp->updateItem()] Update item successfully: itemid=49426
[2025-07-05 14:37:13] Update item success: host_name=fake_dh.hung_Linux_host, host_ip=, item=Free Memory
[2025-07-05 14:37:13] [zabbix-util.cpp->updateItem()] Update item successfully: itemid=49427
[2025-07-05 14:37:13] Update item success: host_name=fake_dh.hung_Linux_host, host_ip=, item=Disk Space
[2025-07-05 14:37:14] [zabbix-util.cpp->deleteTrigger()] Delete trigger successfully: triggerid=24406
[2025-07-05 14:37:14] [zabbix-util.cpp->deleteTrigger()] Delete trigger successfully: triggerid=24407
[2025-07-05 14:37:14] [zabbix-util.cpp->createTrigger()] Create trigger successfully: trigger_name='', trigger_id=24414
[2025-07-05 14:37:14] [zabbix-util.cpp->createTrigger()] Create trigger successfully: trigger_name='', trigger_id=24415
[2025-07-05 14:39:40] [zabbix-util.cpp->getHost()]Get host successfully: host_name=fake_dh.hung_Linux_host02
[2025-07-05 14:39:40] [zabbix-util.cpp->findHost()] Found host with: host_name=fake_dh.hung_Linux_host02, ip_addr=100.0.10.12 and host_id=10670
[2025-07-05 14:39:40] [zabbix-util.cpp->getHost()]Get host successfully: host_name=fake_dh.hung_Linux_host01
[2025-07-05 14:39:40] [zabbix-util.cpp->findHost()] Found host with: host_name=fake_dh.hung_Linux_host01, ip_addr=128.123.100.12 and host_id=10657
[2025-07-05 14:39:40] [zabbix-util.cpp->getHost()]Get host successfully: host_name=fake_dh.hung_Linux_host03
[2025-07-05 14:39:40] [zabbix-util.cpp->findHost()] Found host with: host_name=fake_dh.hung_Linux_host03, ip_addr=172.184.112.224 and host_id=10658
[2025-07-05 14:39:40] [zabbix-util.cpp->getHost()]Get host successfully: host_name=fake_dh.hung_Linux_host
[2025-07-05 14:39:40] [zabbix-util.cpp->findHost()] Found host with: host_name=fake_dh.hung_Linux_host, ip_addr=127.0.0.1 and host_id=10629
[2025-07-05 14:39:40] [zabbix-util.cpp->createTemplate()] Create template successfully: template_name=zabbix_test_template_1751701180, template_id=10672
[2025-07-05 14:39:40] [zabbix-util.cpp->createItem()] Create item successfully: item_name=CPU Load, item_id=49435
[2025-07-05 14:39:40] [zabbix-util.cpp->createItem()] Create item successfully: item_name=Free Memory, item_id=49436
[2025-07-05 14:39:40] [zabbix-util.cpp->createItem()] Create item successfully: item_name=Disk Space, item_id=49437
[2025-07-05 14:39:40] [zabbix-util.cpp->getAllItemOfHost()] Get item of 10670 successfully. Number of item is: 4
[2025-07-05 14:39:40] [zabbix-util.cpp->getAllTriggerOfHost()] Get trigger of 10670 successfully. Number of trigger is: 2
[2025-07-05 14:39:40] [zabbix-util.cpp->updateItem()] Update item successfully: itemid=49431
[2025-07-05 14:39:40] Update item success: host_name=fake_dh.hung_Linux_host02, host_ip=, item=CPU Load
[2025-07-05 14:39:40] [zabbix-util.cpp->updateItem()] Update item successfully: itemid=49420
[2025-07-05 14:39:40] Update item success: host_name=fake_dh.hung_Linux_host02, host_ip=, item=Free Memory
[2025-07-05 14:39:40] [zabbix-util.cpp->updateItem()] Update item successfully: itemid=49421
[2025-07-05 14:39:40] Update item success: host_name=fake_dh.hung_Linux_host02, host_ip=, item=Disk Space
[2025-07-05 14:39:40] [zabbix-util.cpp->deleteTrigger()] Delete trigger successfully: triggerid=24408
[2025-07-05 14:39:40] [zabbix-util.cpp->deleteTrigger()] Delete trigger successfully: triggerid=24409
[2025-07-05 14:39:40] [zabbix-util.cpp->createTrigger()] Create trigger successfully: trigger_name='', trigger_id=24416
[2025-07-05 14:39:40] [zabbix-util.cpp->createTrigger()] Create trigger successfully: trigger_name='', trigger_id=24417
[2025-07-05 14:39:41] [zabbix-util.cpp->getAllItemOfHost()] Get item of 10657 successfully. Number of item is: 4
[2025-07-05 14:39:41] [zabbix-util.cpp->getAllTriggerOfHost()] Get trigger of 10657 successfully. Number of trigger is: 2
[2025-07-05 14:39:41] [zabbix-util.cpp->updateItem()] Update item successfully: itemid=49432
[2025-07-05 14:39:41] Update item success: host_name=fake_dh.hung_Linux_host01, host_ip=, item=CPU Load
[2025-07-05 14:39:41] [zabbix-util.cpp->updateItem()] Update item successfully: itemid=49423
[2025-07-05 14:39:41] Update item success: host_name=fake_dh.hung_Linux_host01, host_ip=, item=Free Memory
[2025-07-05 14:39:41] [zabbix-util.cpp->updateItem()] Update item successfully: itemid=49424
[2025-07-05 14:39:41] Update item success: host_name=fake_dh.hung_Linux_host01, host_ip=, item=Disk Space
[2025-07-05 14:39:41] [zabbix-util.cpp->deleteTrigger()] Delete trigger successfully: triggerid=24410
[2025-07-05 14:39:41] [zabbix-util.cpp->deleteTrigger()] Delete trigger successfully: triggerid=24411
[2025-07-05 14:39:41] [zabbix-util.cpp->createTrigger()] Create trigger successfully: trigger_name='', trigger_id=24418
[2025-07-05 14:39:41] [zabbix-util.cpp->createTrigger()] Create trigger successfully: trigger_name='', trigger_id=24419
[2025-07-05 14:39:41] [zabbix-util.cpp->getAllItemOfHost()] Get item of 10658 successfully. Number of item is: 4
[2025-07-05 14:39:41] [zabbix-util.cpp->getAllTriggerOfHost()] Get trigger of 10658 successfully. Number of trigger is: 2
[2025-07-05 14:39:41] [zabbix-util.cpp->updateItem()] Update item successfully: itemid=49433
[2025-07-05 14:39:41] Update item success: host_name=fake_dh.hung_Linux_host03, host_ip=, item=CPU Load
[2025-07-05 14:39:41] [zabbix-util.cpp->updateItem()] Update item successfully: itemid=48378
[2025-07-05 14:39:41] Update item success: host_name=fake_dh.hung_Linux_host03, host_ip=, item=Free Memory
[2025-07-05 14:39:41] [zabbix-util.cpp->updateItem()] Update item successfully: itemid=48379
[2025-07-05 14:39:41] Update item success: host_name=fake_dh.hung_Linux_host03, host_ip=, item=Disk Space
[2025-07-05 14:39:41] [zabbix-util.cpp->deleteTrigger()] Delete trigger successfully: triggerid=24412
[2025-07-05 14:39:41] [zabbix-util.cpp->deleteTrigger()] Delete trigger successfully: triggerid=24413
[2025-07-05 14:39:41] [zabbix-util.cpp->createTrigger()] Create trigger successfully: trigger_name='', trigger_id=24420
[2025-07-05 14:39:41] [zabbix-util.cpp->createTrigger()] Create trigger successfully: trigger_name='', trigger_id=24421
[2025-07-05 14:39:41] [zabbix-util.cpp->getAllItemOfHost()] Get item of 10629 successfully. Number of item is: 4
[2025-07-05 14:39:42] [zabbix-util.cpp->getAllTriggerOfHost()] Get trigger of 10629 successfully. Number of trigger is: 2
[2025-07-05 14:39:42] [zabbix-util.cpp->updateItem()] Update item successfully: itemid=49434
[2025-07-05 14:39:42] Update item success: host_name=fake_dh.hung_Linux_host, host_ip=, item=CPU Load
[2025-07-05 14:39:42] [zabbix-util.cpp->updateItem()] Update item successfully: itemid=49426
[2025-07-05 14:39:42] Update item success: host_name=fake_dh.hung_Linux_host, host_ip=, item=Free Memory
[2025-07-05 14:39:42] [zabbix-util.cpp->updateItem()] Update item successfully: itemid=49427
[2025-07-05 14:39:42] Update item success: host_name=fake_dh.hung_Linux_host, host_ip=, item=Disk Space
[2025-07-05 14:39:42] [zabbix-util.cpp->deleteTrigger()] Delete trigger successfully: triggerid=24414
[2025-07-05 14:39:42] [zabbix-util.cpp->deleteTrigger()] Delete trigger successfully: triggerid=24415
[2025-07-05 14:39:42] [zabbix-util.cpp->createTrigger()] Create trigger successfully: trigger_name='', trigger_id=24422
[2025-07-05 14:39:42] [zabbix-util.cpp->createTrigger()] Create trigger successfully: trigger_name='', trigger_id=24423
[2025-07-05 14:48:11] [zabbix-util.cpp->getHost()]Get host successfully: host_name=fake_dh.hung_Linux_host02
[2025-07-05 14:48:11] [zabbix-util.cpp->findHost()] Found host with: host_name=fake_dh.hung_Linux_host02, ip_addr=100.0.10.12 and host_id=10670
[2025-07-05 14:48:11] [zabbix-util.cpp->getHost()]Get host successfully: host_name=fake_dh.hung_Linux_host01
[2025-07-05 14:48:11] [zabbix-util.cpp->findHost()] Found host with: host_name=fake_dh.hung_Linux_host01, ip_addr=128.123.100.12 and host_id=10657
[2025-07-05 14:48:11] [zabbix-util.cpp->getHost()]Get host successfully: host_name=fake_dh.hung_Linux_host03
[2025-07-05 14:48:11] [zabbix-util.cpp->findHost()] Found host with: host_name=fake_dh.hung_Linux_host03, ip_addr=172.184.112.224 and host_id=10658
[2025-07-05 14:48:11] [zabbix-util.cpp->getHost()]Get host successfully: host_name=fake_dh.hung_Linux_host
[2025-07-05 14:48:11] [zabbix-util.cpp->findHost()] Found host with: host_name=fake_dh.hung_Linux_host, ip_addr=127.0.0.1 and host_id=10629
[2025-07-05 14:48:12] [zabbix-util.cpp->createTemplate()] Create template successfully: template_name=zabbix_test_template_1751701691, template_id=10673
[2025-07-05 14:48:12] [zabbix-util.cpp->createItem()] Create template fail: item_name=CPU Load
[2025-07-05 14:48:12] [zabbix-util.cpp->createItem()] Create item successfully: item_name=Free Memory, item_id=49438
[2025-07-05 14:48:12] [zabbix-util.cpp->createItem()] Create item successfully: item_name=Disk Space, item_id=49439
[2025-07-05 15:19:38] [zabbix-util.cpp->getHost()]Get host successfully: host_name=fake_dh.hung_Linux_host02
[2025-07-05 15:19:38] [zabbix-util.cpp->findHost()] Found host with: host_name=fake_dh.hung_Linux_host02, ip_addr=100.0.10.12 and host_id=10670
[2025-07-05 15:19:38] [zabbix-util.cpp->getHost()]Get host successfully: host_name=fake_dh.hung_Linux_host01
[2025-07-05 15:19:38] [zabbix-util.cpp->findHost()] Found host with: host_name=fake_dh.hung_Linux_host01, ip_addr=128.123.100.12 and host_id=10657
[2025-07-05 15:19:38] [zabbix-util.cpp->getHost()]Get host successfully: host_name=fake_dh.hung_Linux_host03
[2025-07-05 15:19:38] [zabbix-util.cpp->findHost()] Found host with: host_name=fake_dh.hung_Linux_host03, ip_addr=172.184.112.224 and host_id=10658
[2025-07-05 15:19:38] [zabbix-util.cpp->getHost()]Get host successfully: host_name=fake_dh.hung_Linux_host
[2025-07-05 15:19:38] [zabbix-util.cpp->findHost()] Found host with: host_name=fake_dh.hung_Linux_host, ip_addr=127.0.0.1 and host_id=10629
[2025-07-05 15:19:38] [zabbix-util.cpp->createTemplate()] Create template successfully: template_name=zabbix_test_template_1751703578, template_id=10674
[2025-07-05 15:31:08] [zabbix-util.cpp->getHost()]Get host successfully: host_name=fake_dh.hung_Linux_host02
[2025-07-05 15:31:08] [zabbix-util.cpp->findHost()] Found host with: host_name=fake_dh.hung_Linux_host02, ip_addr=100.0.10.12 and host_id=10670
[2025-07-05 15:31:08] [zabbix-util.cpp->getHost()]Get host successfully: host_name=fake_dh.hung_Linux_host01
[2025-07-05 15:31:08] [zabbix-util.cpp->findHost()] Can not find any host with: host_name=fake_dh.hung_Linux_host01, ip_addr=128.123.100.122
[2025-07-05 15:35:19] [zabbix-util.cpp->getHost()]Get host successfully: host_name=fake_dh.hung_Linux_host02
[2025-07-05 15:35:19] [zabbix-util.cpp->findHost()] Found host with: host_name=fake_dh.hung_Linux_host02, ip_addr=100.0.10.12 and host_id=10670
[2025-07-05 15:35:19] [zabbix-util.cpp->getHost()]Get host successfully: host_name=fake_dh.hung_Linux_host01
[2025-07-05 15:35:19] [zabbix-util.cpp->findHost()] Can not find any host with: host_name=fake_dh.hung_Linux_host01, ip_addr=128.123.100.122
[2025-07-05 15:35:19] [zabbix-util.cpp->getHost()]Get host successfully: host_name=fake_dh.hung_Linux_host03
[2025-07-05 15:35:19] [zabbix-util.cpp->findHost()] Found host with: host_name=fake_dh.hung_Linux_host03, ip_addr=172.184.112.224 and host_id=10658
[2025-07-05 15:35:19] [zabbix-util.cpp->getHost()]Get host successfully: host_name=fake_dh.hung_Linux_host
[2025-07-05 15:35:19] [zabbix-util.cpp->findHost()] Can not find any host with: host_name=fake_dh.hung_Linux_host, ip_addr=127.0.0.11
[2025-07-08 17:53:37] [zabbix-util.cpp->createTemplate()] Create template successfully: template_name=default_linux_maxi_team_01, template_id=10676
[2025-07-08 17:53:37] [zabbix-util.cpp->createItem()] Create item successfully: item_name=CPU Load, item_id=49895
[2025-07-08 17:53:37] [zabbix-util.cpp->createItem()] Create item successfully: item_name=Free Memory, item_id=49896
[2025-07-08 17:53:38] [zabbix-util.cpp->createItem()] Create item successfully: item_name=Disk Space, item_id=49897
[2025-07-08 17:53:38] [zabbix-util.cpp->createTrigger()] Create trigger successfully: trigger_name='', trigger_id=24592
[2025-07-08 17:53:38] [zabbix-util.cpp->createTrigger()] Create trigger successfully: trigger_name='', trigger_id=24593
[2025-07-08 18:14:54] [zabbix-util.cpp->getHost()]Get host successfully: host_name=fake_dh.hung_Linux_host02
[2025-07-08 18:14:54] [zabbix-util.cpp->findHost()] Found host with: host_name=fake_dh.hung_Linux_host02, ip_addr=100.0.10.12 and host_id=10670
[2025-07-08 18:14:54] [zabbix-util.cpp->getHost()]Get host successfully: host_name=fake_dh.hung_Linux_host01
[2025-07-08 18:14:54] [zabbix-util.cpp->findHost()] Can not find any host with: host_name=fake_dh.hung_Linux_host01, ip_addr=128.123.100.122
[2025-07-08 18:14:55] [zabbix-util.cpp->getHost()]Get host successfully: host_name=fake_dh.hung_Linux_host03
[2025-07-08 18:14:55] [zabbix-util.cpp->findHost()] Found host with: host_name=fake_dh.hung_Linux_host03, ip_addr=172.184.112.224 and host_id=10658
[2025-07-08 18:14:55] [zabbix-util.cpp->getHost()]Get host successfully: host_name=fake_dh.hung_Linux_host
[2025-07-08 18:14:55] [zabbix-util.cpp->findHost()] Can not find any host with: host_name=fake_dh.hung_Linux_host, ip_addr=127.0.0.11
[2025-07-08 18:15:28] [zabbix-util.cpp->getHost()]Get host successfully: host_name=fake_dh.hung_Linux_host02
[2025-07-08 18:15:28] [zabbix-util.cpp->findHost()] Found host with: host_name=fake_dh.hung_Linux_host02, ip_addr=100.0.10.12 and host_id=10670
[2025-07-08 18:15:28] [zabbix-util.cpp->getHost()]Get host successfully: host_name=fake_dh.hung_Linux_host01
[2025-07-08 18:15:28] [zabbix-util.cpp->findHost()] Can not find any host with: host_name=fake_dh.hung_Linux_host01, ip_addr=128.123.100.122
[2025-07-08 18:15:29] [zabbix-util.cpp->getHost()]Get host successfully: host_name=fake_dh.hung_Linux_host03
[2025-07-08 18:15:29] [zabbix-util.cpp->findHost()] Found host with: host_name=fake_dh.hung_Linux_host03, ip_addr=172.184.112.224 and host_id=10658
[2025-07-08 18:15:29] [zabbix-util.cpp->getHost()]Get host successfully: host_name=fake_dh.hung_Linux_host
[2025-07-08 18:15:29] [zabbix-util.cpp->findHost()] Found host with: host_name=fake_dh.hung_Linux_host, ip_addr=127.0.0.1 and host_id=10629
[2025-07-08 18:15:40] [zabbix-util.cpp->getHost()]Get host successfully: host_name=fake_dh.hung_Linux_host02
[2025-07-08 18:15:40] [zabbix-util.cpp->findHost()] Found host with: host_name=fake_dh.hung_Linux_host02, ip_addr=100.0.10.12 and host_id=10670
[2025-07-08 18:15:40] [zabbix-util.cpp->getHost()]Get host successfully: host_name=fake_dh.hung_Linux_host01
[2025-07-08 18:15:40] [zabbix-util.cpp->findHost()] Found host with: host_name=fake_dh.hung_Linux_host01, ip_addr=128.123.100.12 and host_id=10657
[2025-07-08 18:15:40] [zabbix-util.cpp->getHost()]Get host successfully: host_name=fake_dh.hung_Linux_host03
[2025-07-08 18:15:40] [zabbix-util.cpp->findHost()] Found host with: host_name=fake_dh.hung_Linux_host03, ip_addr=172.184.112.224 and host_id=10658
[2025-07-08 18:15:40] [zabbix-util.cpp->getHost()]Get host successfully: host_name=fake_dh.hung_Linux_host
[2025-07-08 18:15:40] [zabbix-util.cpp->findHost()] Found host with: host_name=fake_dh.hung_Linux_host, ip_addr=127.0.0.1 and host_id=10629
[2025-07-08 18:15:41] [zabbix-util.cpp->createTemplate()] Create template successfully: template_name=zabbix_test_template_1751973340, template_id=10677
[2025-07-08 18:16:36] [zabbix-util.cpp->getHost()]Get host successfully: host_name=fake_dh.hung_Linux_host02
[2025-07-08 18:16:36] [zabbix-util.cpp->findHost()] Found host with: host_name=fake_dh.hung_Linux_host02, ip_addr=100.0.10.12 and host_id=10670
[2025-07-08 18:16:36] [zabbix-util.cpp->getHost()]Get host successfully: host_name=fake_dh.hung_Linux_host01
[2025-07-08 18:16:36] [zabbix-util.cpp->findHost()] Found host with: host_name=fake_dh.hung_Linux_host01, ip_addr=128.123.100.12 and host_id=10657
[2025-07-08 18:16:36] [zabbix-util.cpp->getHost()]Get host successfully: host_name=fake_dh.hung_Linux_host03
[2025-07-08 18:16:36] [zabbix-util.cpp->findHost()] Found host with: host_name=fake_dh.hung_Linux_host03, ip_addr=172.184.112.224 and host_id=10658
[2025-07-08 18:16:37] [zabbix-util.cpp->getHost()]Get host successfully: host_name=fake_dh.hung_Linux_host
[2025-07-08 18:16:37] [zabbix-util.cpp->findHost()] Found host with: host_name=fake_dh.hung_Linux_host, ip_addr=127.0.0.1 and host_id=10629
[2025-07-08 18:16:37] [zabbix-util.cpp->createTemplate()] Create template successfully: template_name=zabbix_test_template_1751973397, template_id=10678
[2025-07-08 18:23:52] [zabbix-util.cpp->getHost()]Get host successfully: host_name=fake_dh.hung_Linux_host02
[2025-07-08 18:23:52] [zabbix-util.cpp->findHost()] Found host with: host_name=fake_dh.hung_Linux_host02, ip_addr=100.0.10.12 and host_id=10670
[2025-07-08 18:23:52] [zabbix-util.cpp->getHost()]Get host successfully: host_name=fake_dh.hung_Linux_host01
[2025-07-08 18:23:52] [zabbix-util.cpp->findHost()] Found host with: host_name=fake_dh.hung_Linux_host01, ip_addr=128.123.100.12 and host_id=10657
[2025-07-08 18:23:52] [zabbix-util.cpp->getHost()]Get host successfully: host_name=fake_dh.hung_Linux_host03
[2025-07-08 18:23:52] [zabbix-util.cpp->findHost()] Found host with: host_name=fake_dh.hung_Linux_host03, ip_addr=172.184.112.224 and host_id=10658
[2025-07-08 18:23:53] [zabbix-util.cpp->getHost()]Get host successfully: host_name=fake_dh.hung_Linux_host
[2025-07-08 18:23:53] [zabbix-util.cpp->findHost()] Found host with: host_name=fake_dh.hung_Linux_host, ip_addr=127.0.0.1 and host_id=10629
[2025-07-08 18:23:53] [zabbix-util.cpp->createTemplate()] Create template successfully: template_name=zabbix_test_template_1751973833, template_id=10679
[2025-07-08 18:24:59] [zabbix-util.cpp->getHost()]Get host successfully: host_name=fake_dh.hung_Linux_host02
[2025-07-08 18:24:59] [zabbix-util.cpp->findHost()] Found host with: host_name=fake_dh.hung_Linux_host02, ip_addr=100.0.10.12 and host_id=10670
[2025-07-08 18:24:59] [zabbix-util.cpp->getHost()]Get host successfully: host_name=fake_dh.hung_Linux_host01
[2025-07-08 18:24:59] [zabbix-util.cpp->findHost()] Found host with: host_name=fake_dh.hung_Linux_host01, ip_addr=128.123.100.12 and host_id=10657
[2025-07-08 18:24:59] [zabbix-util.cpp->getHost()]Get host successfully: host_name=fake_dh.hung_Linux_host03
[2025-07-08 18:24:59] [zabbix-util.cpp->findHost()] Found host with: host_name=fake_dh.hung_Linux_host03, ip_addr=172.184.112.224 and host_id=10658
[2025-07-08 18:24:59] [zabbix-util.cpp->getHost()]Get host successfully: host_name=fake_dh.hung_Linux_host
[2025-07-08 18:24:59] [zabbix-util.cpp->findHost()] Found host with: host_name=fake_dh.hung_Linux_host, ip_addr=127.0.0.1 and host_id=10629
[2025-07-08 18:25:01] [zabbix-util.cpp->createTemplate()] Create template successfully: template_name=zabbix_test_template_1751973899, template_id=10680
[2025-07-08 18:26:43] [zabbix-util.cpp->getHost()]Get host successfully: host_name=fake_dh.hung_Linux_host02
[2025-07-08 18:26:43] [zabbix-util.cpp->findHost()] Found host with: host_name=fake_dh.hung_Linux_host02, ip_addr=100.0.10.12 and host_id=10670
[2025-07-08 18:26:43] [zabbix-util.cpp->getHost()]Get host successfully: host_name=fake_dh.hung_Linux_host01
[2025-07-08 18:26:43] [zabbix-util.cpp->findHost()] Found host with: host_name=fake_dh.hung_Linux_host01, ip_addr=128.123.100.12 and host_id=10657
[2025-07-08 18:26:43] [zabbix-util.cpp->getHost()]Get host successfully: host_name=fake_dh.hung_Linux_host03
[2025-07-08 18:26:43] [zabbix-util.cpp->findHost()] Found host with: host_name=fake_dh.hung_Linux_host03, ip_addr=172.184.112.224 and host_id=10658
[2025-07-08 18:26:43] [zabbix-util.cpp->getHost()]Get host successfully: host_name=fake_dh.hung_Linux_host
[2025-07-08 18:26:43] [zabbix-util.cpp->findHost()] Found host with: host_name=fake_dh.hung_Linux_host, ip_addr=127.0.0.1 and host_id=10629
[2025-07-08 18:26:43] [zabbix-util.cpp->createTemplate()] Create template successfully: template_name=zabbix_test_template_1751974003, template_id=10681
[2025-07-08 18:33:47] [zabbix-util.cpp->getHost()]Get host successfully: host_name=fake_dh.hung_Linux_host02
[2025-07-08 18:33:47] [zabbix-util.cpp->findHost()] Found host with: host_name=fake_dh.hung_Linux_host02, ip_addr=100.0.10.12 and host_id=10670
[2025-07-08 18:33:47] [zabbix-util.cpp->getHost()]Get host successfully: host_name=fake_dh.hung_Linux_host01
[2025-07-08 18:33:47] [zabbix-util.cpp->findHost()] Found host with: host_name=fake_dh.hung_Linux_host01, ip_addr=128.123.100.12 and host_id=10657
[2025-07-08 18:33:47] [zabbix-util.cpp->getHost()]Get host successfully: host_name=fake_dh.hung_Linux_host03
[2025-07-08 18:33:47] [zabbix-util.cpp->findHost()] Found host with: host_name=fake_dh.hung_Linux_host03, ip_addr=172.184.112.224 and host_id=10658
[2025-07-08 18:33:47] [zabbix-util.cpp->getHost()]Get host successfully: host_name=fake_dh.hung_Linux_host
[2025-07-08 18:33:47] [zabbix-util.cpp->findHost()] Found host with: host_name=fake_dh.hung_Linux_host, ip_addr=127.0.0.1 and host_id=10629
[2025-07-08 18:33:48] [zabbix-util.cpp->createTemplate()] Create template successfully: template_name=zabbix_test_template_1751974427, template_id=10682
[2025-07-08 18:33:48] [zabbix-util.cpp->createItem()] Create item successfully: item_name=CPU Load, item_id=49898
[2025-07-08 18:33:48] [zabbix-util.cpp->createItem()] Create item successfully: item_name=Free Memory, item_id=49899
[2025-07-08 18:33:48] [zabbix-util.cpp->createItem()] Create item successfully: item_name=Disk Space, item_id=49900
[2025-07-08 18:33:49] [zabbix-util.cpp->deleteTemplate()] Delete template successfully: template_name=zabbix_test_template_1751974427, template_id=10682
[2025-07-08 18:33:49] [zabbix-util.cpp->getAllItemOfHost()] Get item of 10670 successfully. Number of item is: 4
[2025-07-08 18:33:49] [zabbix-util.cpp->getAllTriggerOfHost()] Get trigger of 10670 successfully. Number of trigger is: 2
[2025-07-08 18:33:49] [zabbix-util.cpp->updateItem()] Update item successfully: itemid=49419
[2025-07-08 18:33:49] Update item success: host_name=fake_dh.hung_Linux_host02, host_ip=, item=CPU Load
[2025-07-08 18:33:49] [zabbix-util.cpp->updateItem()] Update item successfully: itemid=49420
[2025-07-08 18:33:49] Update item success: host_name=fake_dh.hung_Linux_host02, host_ip=, item=Free Memory
[2025-07-08 18:33:50] [zabbix-util.cpp->updateItem()] Update item successfully: itemid=49421
[2025-07-08 18:33:50] Update item success: host_name=fake_dh.hung_Linux_host02, host_ip=, item=Disk Space
[2025-07-08 18:33:50] [zabbix-util.cpp->deleteTrigger()] Delete trigger successfully: triggerid=24416
[2025-07-08 18:33:50] [zabbix-util.cpp->deleteTrigger()] Delete trigger successfully: triggerid=24417
[2025-07-08 18:33:50] [zabbix-util.cpp->createTrigger()] Create trigger successfully: trigger_name='', trigger_id=24594
[2025-07-08 18:33:50] [zabbix-util.cpp->createTrigger()] Create trigger successfully: trigger_name='', trigger_id=24595
[2025-07-08 18:33:51] [zabbix-util.cpp->getAllItemOfHost()] Get item of 10657 successfully. Number of item is: 4
[2025-07-08 18:33:51] [zabbix-util.cpp->getAllTriggerOfHost()] Get trigger of 10657 successfully. Number of trigger is: 2
[2025-07-08 18:33:51] [zabbix-util.cpp->updateItem()] Update item successfully: itemid=49422
[2025-07-08 18:33:51] Update item success: host_name=fake_dh.hung_Linux_host01, host_ip=, item=CPU Load
[2025-07-08 18:33:51] [zabbix-util.cpp->updateItem()] Update item successfully: itemid=49423
[2025-07-08 18:33:51] Update item success: host_name=fake_dh.hung_Linux_host01, host_ip=, item=Free Memory
[2025-07-08 18:33:51] [zabbix-util.cpp->updateItem()] Update item successfully: itemid=49424
[2025-07-08 18:33:51] Update item success: host_name=fake_dh.hung_Linux_host01, host_ip=, item=Disk Space
[2025-07-08 18:33:51] [zabbix-util.cpp->deleteTrigger()] Delete trigger successfully: triggerid=24418
[2025-07-08 18:33:52] [zabbix-util.cpp->deleteTrigger()] Delete trigger successfully: triggerid=24419
[2025-07-08 18:33:52] [zabbix-util.cpp->createTrigger()] Create trigger successfully: trigger_name='', trigger_id=24596
[2025-07-08 18:33:52] [zabbix-util.cpp->createTrigger()] Create trigger successfully: trigger_name='', trigger_id=24597
[2025-07-08 18:33:52] [zabbix-util.cpp->getAllItemOfHost()] Get item of 10658 successfully. Number of item is: 4
[2025-07-08 18:33:52] [zabbix-util.cpp->getAllTriggerOfHost()] Get trigger of 10658 successfully. Number of trigger is: 2
[2025-07-08 18:33:53] [zabbix-util.cpp->updateItem()] Update item successfully: itemid=48377
[2025-07-08 18:33:53] Update item success: host_name=fake_dh.hung_Linux_host03, host_ip=, item=CPU Load
[2025-07-08 18:33:53] [zabbix-util.cpp->updateItem()] Update item successfully: itemid=48378
[2025-07-08 18:33:53] Update item success: host_name=fake_dh.hung_Linux_host03, host_ip=, item=Free Memory
[2025-07-08 18:33:53] [zabbix-util.cpp->updateItem()] Update item successfully: itemid=48379
[2025-07-08 18:33:53] Update item success: host_name=fake_dh.hung_Linux_host03, host_ip=, item=Disk Space
[2025-07-08 18:33:53] [zabbix-util.cpp->deleteTrigger()] Delete trigger successfully: triggerid=24420
[2025-07-08 18:33:54] [zabbix-util.cpp->deleteTrigger()] Delete trigger successfully: triggerid=24421
[2025-07-08 18:33:54] [zabbix-util.cpp->createTrigger()] Create trigger successfully: trigger_name='', trigger_id=24598
[2025-07-08 18:33:54] [zabbix-util.cpp->createTrigger()] Create trigger successfully: trigger_name='', trigger_id=24599
[2025-07-08 18:33:54] [zabbix-util.cpp->getAllItemOfHost()] Get item of 10629 successfully. Number of item is: 4
[2025-07-08 18:33:54] [zabbix-util.cpp->getAllTriggerOfHost()] Get trigger of 10629 successfully. Number of trigger is: 2
[2025-07-08 18:33:54] [zabbix-util.cpp->updateItem()] Update item successfully: itemid=49425
[2025-07-08 18:33:54] Update item success: host_name=fake_dh.hung_Linux_host, host_ip=, item=CPU Load
[2025-07-08 18:33:54] [zabbix-util.cpp->updateItem()] Update item successfully: itemid=49426
[2025-07-08 18:33:54] Update item success: host_name=fake_dh.hung_Linux_host, host_ip=, item=Free Memory
[2025-07-08 18:33:55] [zabbix-util.cpp->updateItem()] Update item successfully: itemid=49427
[2025-07-08 18:33:55] Update item success: host_name=fake_dh.hung_Linux_host, host_ip=, item=Disk Space
[2025-07-08 18:33:55] [zabbix-util.cpp->deleteTrigger()] Delete trigger successfully: triggerid=24422
[2025-07-08 18:33:55] [zabbix-util.cpp->deleteTrigger()] Delete trigger successfully: triggerid=24423
[2025-07-08 18:33:55] [zabbix-util.cpp->createTrigger()] Create trigger successfully: trigger_name='', trigger_id=24600
[2025-07-08 18:33:55] [zabbix-util.cpp->createTrigger()] Create trigger successfully: trigger_name='', trigger_id=24601
[2025-07-10 15:11:44] [zabbix-util.cpp->createTemplate()] Create template successfully: template_name=default_linux_maxi_team_01, template_id=10685
[2025-07-10 15:11:44] [zabbix-util.cpp->createItem()] Create item successfully: item_name=CPU Load, item_id=50190
[2025-07-10 15:11:44] [zabbix-util.cpp->createItem()] Create item successfully: item_name=Free Memory, item_id=50191
[2025-07-10 15:11:44] [zabbix-util.cpp->createItem()] Create item successfully: item_name=Disk Space, item_id=50192
[2025-07-10 15:11:45] [zabbix-util.cpp->createTrigger()] Create trigger successfully: trigger_name='', trigger_id=24726
[2025-07-10 15:11:45] [zabbix-util.cpp->createTrigger()] Create trigger successfully: trigger_name='', trigger_id=24727
[2025-07-10 15:13:23] [zabbix-util.cpp->getHost()]Get host successfully: host_name=fake_dh.hung_Linux_host02
[2025-07-10 15:13:23] [zabbix-util.cpp->findHost()] Found host with: host_name=fake_dh.hung_Linux_host02, ip_addr=100.0.10.12 and host_id=10670
[2025-07-10 15:13:23] [zabbix-util.cpp->createTemplate()] Create template successfully: template_name=zabbix_test_template_1752135203, template_id=10686
[2025-07-10 15:13:23] [zabbix-util.cpp->createItem()] Create item successfully: item_name=CPU Load, item_id=50193
[2025-07-10 15:13:23] [zabbix-util.cpp->createItem()] Create item successfully: item_name=Free Memory, item_id=50194
[2025-07-10 15:13:24] [zabbix-util.cpp->createItem()] Create item successfully: item_name=Disk Space, item_id=50195
[2025-07-10 15:13:24] [zabbix-util.cpp->deleteTemplate()] Delete template successfully: template_name=zabbix_test_template_1752135203, template_id=10686
[2025-07-10 15:13:24] [zabbix-util.cpp->getAllItemOfHost()] Get item of 10670 successfully. Number of item is: 4
[2025-07-10 15:13:24] [zabbix-util.cpp->getAllTriggerOfHost()] Get trigger of 10670 successfully. Number of trigger is: 0
[2025-07-10 15:13:25] [zabbix-util.cpp->updateItem()] Update item successfully: itemid=49419
[2025-07-10 15:13:25] Update item success: host_name=fake_dh.hung_Linux_host02, host_ip=, item=CPU Load
[2025-07-10 15:13:25] [zabbix-util.cpp->updateItem()] Update item successfully: itemid=49420
[2025-07-10 15:13:25] Update item success: host_name=fake_dh.hung_Linux_host02, host_ip=, item=Free Memory
[2025-07-10 15:13:25] [zabbix-util.cpp->updateItem()] Update item successfully: itemid=49421
[2025-07-10 15:13:25] Update item success: host_name=fake_dh.hung_Linux_host02, host_ip=, item=Disk Space
[2025-07-10 15:13:25] Start create event: CPU_ALL@check_cpu_usage
[2025-07-10 15:13:25] [zabbix-util.cpp->createTrigger()] Create trigger successfully: trigger_name='', trigger_id=24728
[2025-07-10 15:13:25] [zabbix-util.cpp->createTrigger()] Create trigger successfully: trigger_name='', trigger_id=24729
[2025-07-10 15:13:25] Create event: CPU_ALL@check_cpu_usage successfully
[2025-07-10 15:16:25] [zabbix-util.cpp->getHost()]Get host successfully: host_name=fake_dh.hung_Linux_host02
[2025-07-10 15:16:25] [zabbix-util.cpp->findHost()] Found host with: host_name=fake_dh.hung_Linux_host02, ip_addr=100.0.10.12 and host_id=10670
[2025-07-10 15:16:26] [zabbix-util.cpp->createTemplate()] Create template successfully: template_name=zabbix_test_template_1752135385, template_id=10687
[2025-07-10 15:16:26] [zabbix-util.cpp->createItem()] Create item successfully: item_name=CPU Load, item_id=50196
[2025-07-10 15:16:26] [zabbix-util.cpp->createItem()] Create item successfully: item_name=Free Memory, item_id=50197
[2025-07-10 15:16:26] [zabbix-util.cpp->createItem()] Create item successfully: item_name=Disk Space, item_id=50198
[2025-07-10 15:16:27] [zabbix-util.cpp->deleteTemplate()] Delete template successfully: template_name=zabbix_test_template_1752135385, template_id=10687
[2025-07-10 15:16:27] [zabbix-util.cpp->getAllItemOfHost()] Get item of 10670 successfully. Number of item is: 3
[2025-07-10 15:16:27] [zabbix-util.cpp->getAllTriggerOfHost()] Get trigger of 10670 successfully. Number of trigger is: 2
[2025-07-10 15:16:27] [zabbix-util.cpp->updateItem()] Update item successfully: itemid=49419
[2025-07-10 15:16:27] Update item success: host_name=fake_dh.hung_Linux_host02, host_ip=, item=CPU Load
[2025-07-10 15:16:28] [zabbix-util.cpp->updateItem()] Update item successfully: itemid=49420
[2025-07-10 15:16:28] Update item success: host_name=fake_dh.hung_Linux_host02, host_ip=, item=Free Memory
[2025-07-10 15:16:28] [zabbix-util.cpp->createItem()] Create item successfully: item_name=Disk Space, item_id=50199
[2025-07-10 15:16:28] Create item success: host_name=fake_dh.hung_Linux_host02, host_ip=, item=Disk Space
[2025-07-10 15:16:28] [zabbix-util.cpp->deleteTrigger()] Delete trigger successfully: triggerid=24728
[2025-07-10 15:16:28] [zabbix-util.cpp->deleteTrigger()] Delete trigger successfully: triggerid=24729
[2025-07-10 15:16:28] [zabbix-util.cpp->createTrigger()] Create trigger successfully: trigger_name='', trigger_id=24730
[2025-07-10 15:16:29] [zabbix-util.cpp->createTrigger()] Create trigger successfully: trigger_name='', trigger_id=24731
[2025-07-10 15:18:12] [zabbix-util.cpp->getHost()]Get host successfully: host_name=fake_dh.hung_Linux_host02
[2025-07-10 15:18:12] [zabbix-util.cpp->findHost()] Found host with: host_name=fake_dh.hung_Linux_host02, ip_addr=100.0.10.12 and host_id=10670
[2025-07-10 15:18:12] [zabbix-util.cpp->createTemplate()] Create template successfully: template_name=zabbix_test_template_1752135492, template_id=10688
[2025-07-10 15:18:12] [zabbix-util.cpp->createItem()] Create item successfully: item_name=CPU Load, item_id=50200
[2025-07-10 15:18:13] [zabbix-util.cpp->createItem()] Create item successfully: item_name=Free Memory, item_id=50201
[2025-07-10 15:18:13] [zabbix-util.cpp->createItem()] Create item successfully: item_name=Disk Space, item_id=50202
[2025-07-10 15:18:13] [zabbix-util.cpp->deleteTemplate()] Delete template successfully: template_name=zabbix_test_template_1752135492, template_id=10688
[2025-07-10 15:18:13] [zabbix-util.cpp->getAllItemOfHost()] Get item of 10670 successfully. Number of item is: 4
[2025-07-10 15:18:13] [zabbix-util.cpp->getAllTriggerOfHost()] Get trigger of 10670 successfully. Number of trigger is: 2
[2025-07-10 15:18:13] [zabbix-util.cpp->updateItem()] Update item successfully: itemid=49419
[2025-07-10 15:18:13] Update item success: host_name=fake_dh.hung_Linux_host02, host_ip=, item=CPU Load
[2025-07-10 15:18:13] [zabbix-util.cpp->updateItem()] Update item successfully: itemid=49420
[2025-07-10 15:18:13] Update item success: host_name=fake_dh.hung_Linux_host02, host_ip=, item=Free Memory
[2025-07-10 15:18:14] [zabbix-util.cpp->updateItem()] Update item successfully: itemid=50199
[2025-07-10 15:18:14] Update item success: host_name=fake_dh.hung_Linux_host02, host_ip=, item=Disk Space
[2025-07-10 15:18:14] [zabbix-util.cpp->deleteTrigger()] Delete trigger successfully: triggerid=24730
[2025-07-10 15:18:14] [zabbix-util.cpp->deleteTrigger()] Delete trigger successfully: triggerid=24731
[2025-07-10 15:18:14] [zabbix-util.cpp->createTrigger()] Create trigger successfully: trigger_name='', trigger_id=24732
[2025-07-10 15:18:15] [zabbix-util.cpp->createTrigger()] Create trigger successfully: trigger_name='', trigger_id=24733
[2025-07-10 15:18:15] [zabbix-util.cpp->createTrigger()] Create trigger successfully: trigger_name='', trigger_id=24734
[2025-07-10 15:19:48] [zabbix-util.cpp->getHost()]Get host successfully: host_name=fake_dh.hung_Linux_host02
[2025-07-10 15:19:48] [zabbix-util.cpp->findHost()] Found host with: host_name=fake_dh.hung_Linux_host02, ip_addr=100.0.10.12 and host_id=10670
[2025-07-10 15:19:49] [zabbix-util.cpp->createTemplate()] Create template successfully: template_name=zabbix_test_template_1752135588, template_id=10689
[2025-07-10 15:19:49] [zabbix-util.cpp->createItem()] Create item successfully: item_name=CPU Load, item_id=50203
[2025-07-10 15:19:49] [zabbix-util.cpp->createItem()] Create item successfully: item_name=Free Memory, item_id=50204
[2025-07-10 15:19:49] [zabbix-util.cpp->createItem()] Create item successfully: item_name=Disk Space, item_id=50205
[2025-07-10 15:19:49] [zabbix-util.cpp->deleteTemplate()] Delete template successfully: template_name=zabbix_test_template_1752135588, template_id=10689
[2025-07-10 15:19:50] [zabbix-util.cpp->getAllItemOfHost()] Get item of 10670 successfully. Number of item is: 4
[2025-07-10 15:19:50] [zabbix-util.cpp->getAllTriggerOfHost()] Get trigger of 10670 successfully. Number of trigger is: 2
[2025-07-10 15:19:50] [zabbix-util.cpp->updateItem()] Update item successfully: itemid=49419
[2025-07-10 15:19:50] Update item success: host_name=fake_dh.hung_Linux_host02, host_ip=, item=CPU Load
[2025-07-10 15:19:50] [zabbix-util.cpp->updateItem()] Update item successfully: itemid=49420
[2025-07-10 15:19:50] Update item success: host_name=fake_dh.hung_Linux_host02, host_ip=, item=Free Memory
[2025-07-10 15:19:50] [zabbix-util.cpp->updateItem()] Update item successfully: itemid=50199
[2025-07-10 15:19:50] Update item success: host_name=fake_dh.hung_Linux_host02, host_ip=, item=Disk Space
[2025-07-10 15:19:51] [zabbix-util.cpp->deleteTrigger()] Delete trigger successfully: triggerid=24732
[2025-07-10 15:19:51] [zabbix-util.cpp->deleteTrigger()] Delete trigger successfully: triggerid=24733
[2025-07-10 15:19:51] [zabbix-util.cpp->createTrigger()] Create trigger successfully: trigger_name='', trigger_id=24735
[2025-07-10 15:19:51] [zabbix-util.cpp->createTrigger()] Create trigger successfully: trigger_name='', trigger_id=24736
[2025-07-10 15:19:51] [zabbix-util.cpp->createTrigger()] Create trigger fail: trigger_name=''
[2025-07-10 15:20:39] [zabbix-util.cpp->getHost()]Get host successfully: host_name=fake_dh.hung_Linux_host02
[2025-07-10 15:20:39] [zabbix-util.cpp->findHost()] Found host with: host_name=fake_dh.hung_Linux_host02, ip_addr=100.0.10.12 and host_id=10670
[2025-07-10 15:20:40] [zabbix-util.cpp->createTemplate()] Create template successfully: template_name=zabbix_test_template_1752135639, template_id=10690
[2025-07-10 15:20:40] [zabbix-util.cpp->createItem()] Create item successfully: item_name=CPU Load, item_id=50206
[2025-07-10 15:20:40] [zabbix-util.cpp->createItem()] Create item successfully: item_name=Free Memory, item_id=50207
[2025-07-10 15:20:40] [zabbix-util.cpp->createItem()] Create item successfully: item_name=Disk Space, item_id=50208
[2025-07-10 15:20:40] [zabbix-util.cpp->deleteTemplate()] Delete template successfully: template_name=zabbix_test_template_1752135639, template_id=10690
[2025-07-10 15:20:40] [zabbix-util.cpp->getAllItemOfHost()] Get item of 10670 successfully. Number of item is: 4
[2025-07-10 15:20:40] [zabbix-util.cpp->getAllTriggerOfHost()] Get trigger of 10670 successfully. Number of trigger is: 2
[2025-07-10 15:20:41] [zabbix-util.cpp->updateItem()] Update item successfully: itemid=49419
[2025-07-10 15:20:41] Update item success: host_name=fake_dh.hung_Linux_host02, host_ip=, item=CPU Load
[2025-07-10 15:20:41] [zabbix-util.cpp->updateItem()] Update item successfully: itemid=49420
[2025-07-10 15:20:41] Update item success: host_name=fake_dh.hung_Linux_host02, host_ip=, item=Free Memory
[2025-07-10 15:20:41] [zabbix-util.cpp->updateItem()] Update item successfully: itemid=50199
[2025-07-10 15:20:41] Update item success: host_name=fake_dh.hung_Linux_host02, host_ip=, item=Disk Space
[2025-07-10 15:20:41] [zabbix-util.cpp->deleteTrigger()] Delete trigger successfully: triggerid=24735
[2025-07-10 15:20:41] [zabbix-util.cpp->deleteTrigger()] Delete trigger successfully: triggerid=24736
[2025-07-10 15:20:42] [zabbix-util.cpp->createTrigger()] Create trigger successfully: trigger_name='', trigger_id=24737
[2025-07-10 15:20:42] [zabbix-util.cpp->createTrigger()] Create trigger successfully: trigger_name='', trigger_id=24738
[2025-07-10 15:20:42] [zabbix-util.cpp->createTrigger()] Create trigger fail: trigger_name=''
[2025-07-10 15:56:56] [zabbix-util.cpp->getHost()]Get host successfully: host_name=fake_dh.hung_Linux_host02
[2025-07-10 15:56:56] [zabbix-util.cpp->findHost()] Found host with: host_name=fake_dh.hung_Linux_host02, ip_addr=100.0.10.12 and host_id=10670
[2025-07-10 15:56:56] [zabbix-util.cpp->createTemplate()] Create template successfully: template_name=zabbix_test_template_1752137816, template_id=10692
[2025-07-10 15:56:57] [zabbix-util.cpp->createItem()] Create item successfully: item_name=CPU Load, item_id=50264
[2025-07-10 15:56:57] [zabbix-util.cpp->createItem()] Create item successfully: item_name=Free Memory, item_id=50265
[2025-07-10 15:56:57] [zabbix-util.cpp->createItem()] Create item successfully: item_name=Disk Space, item_id=50266
[2025-07-10 15:56:57] [zabbix-util.cpp->deleteTemplate()] Delete template successfully: template_name=zabbix_test_template_1752137816, template_id=10692
[2025-07-10 15:56:58] [zabbix-util.cpp->createTemplate()] Create template successfully: template_name=zabbix_test_template_1752137817, template_id=10693
[2025-07-10 15:56:58] Start create event: CPU_ALL@check_cpu_usage
[2025-07-10 15:56:58] [zabbix-util.cpp->createTrigger()] Create trigger fail: trigger_name=''
[2025-07-10 15:56:58] [zabbix-util.cpp->createTrigger()] Create trigger fail: trigger_name=''
[2025-07-10 15:56:58] [zabbix-util.cpp->createTrigger()] Create trigger fail: trigger_name=''
[2025-07-10 15:56:58] Create event: CPU_ALL@check_cpu_usage failed
[2025-07-10 15:56:59] [zabbix-util.cpp->deleteTemplate()] Delete template successfully: template_name=zabbix_test_template_1752137817, template_id=10693
[2025-07-10 15:57:43] [zabbix-util.cpp->getHost()]Get host successfully: host_name=fake_dh.hung_Linux_host02
[2025-07-10 15:57:43] [zabbix-util.cpp->findHost()] Found host with: host_name=fake_dh.hung_Linux_host02, ip_addr=100.0.10.12 and host_id=10670
[2025-07-10 15:57:43] [zabbix-util.cpp->createTemplate()] Create template successfully: template_name=zabbix_test_template_1752137863, template_id=10694
[2025-07-10 15:57:43] [zabbix-util.cpp->createItem()] Create item successfully: item_name=CPU Load, item_id=50267
[2025-07-10 15:57:43] [zabbix-util.cpp->createItem()] Create item successfully: item_name=Free Memory, item_id=50268
[2025-07-10 15:57:43] [zabbix-util.cpp->createItem()] Create item successfully: item_name=Disk Space, item_id=50269
[2025-07-10 15:57:44] [zabbix-util.cpp->deleteTemplate()] Delete template successfully: template_name=zabbix_test_template_1752137863, template_id=10694
[2025-07-10 15:57:44] [zabbix-util.cpp->createTemplate()] Create template successfully: template_name=zabbix_test_template_1752137864, template_id=10695
[2025-07-10 15:57:44] Start create event: CPU_ALL@check_cpu_usage
[2025-07-10 15:57:44] [zabbix-util.cpp->createTrigger()] Create trigger fail: trigger_name=''
[2025-07-10 15:57:44] [zabbix-util.cpp->createTrigger()] Create trigger fail: trigger_name=''
[2025-07-10 15:57:44] [zabbix-util.cpp->createTrigger()] Create trigger fail: trigger_name=''
[2025-07-10 15:57:44] Create event: CPU_ALL@check_cpu_usage failed
[2025-07-10 15:57:44] [zabbix-util.cpp->deleteTemplate()] Delete template successfully: template_name=zabbix_test_template_1752137864, template_id=10695
[2025-07-10 16:03:21] [zabbix-util.cpp->getHost()]Get host successfully: host_name=fake_dh.hung_Linux_host02
[2025-07-10 16:03:21] [zabbix-util.cpp->findHost()] Found host with: host_name=fake_dh.hung_Linux_host02, ip_addr=100.0.10.12 and host_id=10670
[2025-07-10 16:03:22] [zabbix-util.cpp->createTemplate()] Create template successfully: template_name=zabbix_test_template_1752138201, template_id=10696
[2025-07-10 16:03:22] [zabbix-util.cpp->createItem()] Create item successfully: item_name=CPU Load, item_id=50505
[2025-07-10 16:03:22] [zabbix-util.cpp->createItem()] Create item successfully: item_name=Free Memory, item_id=50506
[2025-07-10 16:03:22] [zabbix-util.cpp->createItem()] Create item successfully: item_name=Disk Space, item_id=50507
[2025-07-10 16:03:22] [zabbix-util.cpp->deleteTemplate()] Delete template successfully: template_name=zabbix_test_template_1752138201, template_id=10696
[2025-07-10 16:03:23] [zabbix-util.cpp->createTemplate()] Create template successfully: template_name=zabbix_test_template_1752138202, template_id=10697
[2025-07-10 16:03:23] Start create event: CPU_ALL@check_cpu_usage
[2025-07-10 16:03:23] [zabbix-util.cpp->createTrigger()] Create trigger fail: trigger_name=''
[2025-07-10 16:03:23] [zabbix-util.cpp->createTrigger()] Create trigger fail: trigger_name=''
[2025-07-10 16:03:23] [zabbix-util.cpp->createTrigger()] Create trigger fail: trigger_name=''
[2025-07-10 16:03:23] Create event: CPU_ALL@check_cpu_usage failed
[2025-07-10 16:03:23] [zabbix-util.cpp->deleteTemplate()] Delete template successfully: template_name=zabbix_test_template_1752138202, template_id=10697
[2025-07-15 16:57:30] [zabbix-util.cpp->createRegexp()] create regexp fail 
[2025-07-15 16:59:36] [zabbix-util.cpp->createRegexp()] create regexp fail 
[2025-07-15 17:05:14] [zabbix-util.cpp->createRegexp()] create regexp successfully: regexpid=7
[2025-07-15 17:06:13] [zabbix-util.cpp->createRegexp()] create regexp fail 
[2025-07-15 17:07:15] [zabbix-util.cpp->createRegexp()] create regexp successfully: regexpid=8
[2025-07-21 14:38:55] [zabbix-util.cpp->createTemplate()] Create template successfully: template_name=default_linux_maxi_team_02, template_id=10707
[2025-07-21 14:38:55] [zabbix-util.cpp->createItem()] Create item successfully: item_name=CPU Load, item_id=52200
[2025-07-21 14:38:55] [zabbix-util.cpp->createItem()] Create item successfully: item_name=Free Memory, item_id=52201
[2025-07-21 14:38:55] [zabbix-util.cpp->createItem()] Create item successfully: item_name=Disk Space, item_id=52202
[2025-07-21 14:38:55] [zabbix-util.cpp->createTrigger()] Create trigger successfully: trigger_name='', trigger_id=25248
[2025-07-21 14:38:56] [zabbix-util.cpp->createTrigger()] Create trigger successfully: trigger_name='', trigger_id=25249
[2025-07-21 14:40:57] [zabbix-util.cpp->getHost()]Get host successfully: host_name=fake_dh.hung_Linux_host02
[2025-07-21 14:40:57] [zabbix-util.cpp->findHost()] Found host with: host_name=fake_dh.hung_Linux_host02, ip_addr=100.0.10.12 and host_id=10670
[2025-07-21 14:40:57] [zabbix-util.cpp->createTemplate()] Create template successfully: template_name=zabbix_test_template_1753083657, template_id=10708
[2025-07-21 14:40:58] [zabbix-util.cpp->createItem()] Create item successfully: item_name=CPU Load, item_id=52203
[2025-07-21 14:40:58] [zabbix-util.cpp->createItem()] Create item successfully: item_name=Free Memory, item_id=52204
[2025-07-21 14:40:58] [zabbix-util.cpp->createItem()] Create item successfully: item_name=Disk Space, item_id=52205
[2025-07-21 14:40:58] [zabbix-util.cpp->deleteTemplate()] Delete template successfully: template_name=zabbix_test_template_1753083657, template_id=10708
[2025-07-21 14:40:58] [zabbix-util.cpp->createTemplate()] Create template successfully: template_name=zabbix_test_template_1753083658, template_id=10709
[2025-07-21 14:40:58] Start create event: CPU_ALL@check_cpu_usage
[2025-07-21 14:40:59] [zabbix-util.cpp->createTrigger()] Create trigger fail: trigger_name=''
[2025-07-21 14:40:59] [zabbix-util.cpp->createTrigger()] Create trigger fail: trigger_name=''
[2025-07-21 14:40:59] [zabbix-util.cpp->createTrigger()] Create trigger fail: trigger_name=''
[2025-07-21 14:40:59] Create event: CPU_ALL@check_cpu_usage failed
[2025-07-21 14:40:59] [zabbix-util.cpp->deleteTemplate()] Delete template successfully: template_name=zabbix_test_template_1753083658, template_id=10709
[2025-07-21 14:41:56] [zabbix-util.cpp->getHost()]Get host successfully: host_name=fake_dh.hung_Linux_host02
[2025-07-21 14:41:56] [zabbix-util.cpp->findHost()] Found host with: host_name=fake_dh.hung_Linux_host02, ip_addr=100.0.10.12 and host_id=10670
[2025-07-21 14:41:56] [zabbix-util.cpp->createTemplate()] Create template successfully: template_name=zabbix_test_template_1753083716, template_id=10710
[2025-07-21 14:41:56] [zabbix-util.cpp->createItem()] Create item successfully: item_name=CPU Load, item_id=52206
[2025-07-21 14:41:56] [zabbix-util.cpp->createItem()] Create item successfully: item_name=Free Memory, item_id=52207
[2025-07-21 14:41:56] [zabbix-util.cpp->createItem()] Create item successfully: item_name=Disk Space, item_id=52208
[2025-07-21 14:41:57] [zabbix-util.cpp->deleteTemplate()] Delete template successfully: template_name=zabbix_test_template_1753083716, template_id=10710
[2025-07-21 14:41:57] [zabbix-util.cpp->createTemplate()] Create template successfully: template_name=zabbix_test_template_1753083717, template_id=10711
[2025-07-21 14:41:57] Start create event: CPU_ALL@check_cpu_usage
[2025-07-21 14:41:57] [zabbix-util.cpp->createTrigger()] Create trigger fail: trigger_name=''
[2025-07-21 14:41:57] [zabbix-util.cpp->createTrigger()] Create trigger fail: trigger_name=''
[2025-07-21 14:41:57] [zabbix-util.cpp->createTrigger()] Create trigger fail: trigger_name=''
[2025-07-21 14:41:57] Create event: CPU_ALL@check_cpu_usage failed
[2025-07-21 14:41:58] [zabbix-util.cpp->deleteTemplate()] Delete template successfully: template_name=zabbix_test_template_1753083717, template_id=10711
[2025-07-21 14:43:21] [zabbix-util.cpp->getHost()]Get host successfully: host_name=fake_dh.hung_Linux_host02
[2025-07-21 14:43:21] [zabbix-util.cpp->findHost()] Found host with: host_name=fake_dh.hung_Linux_host02, ip_addr=100.0.10.12 and host_id=10670
[2025-07-21 14:43:21] [zabbix-util.cpp->createTemplate()] Create template successfully: template_name=zabbix_test_template_1753083801, template_id=10712
[2025-07-21 14:43:21] [zabbix-util.cpp->createItem()] Create item successfully: item_name=CPU Load, item_id=52209
[2025-07-21 14:43:21] [zabbix-util.cpp->createItem()] Create item successfully: item_name=Free Memory, item_id=52210
[2025-07-21 14:43:22] [zabbix-util.cpp->createItem()] Create item successfully: item_name=Disk Space, item_id=52211
[2025-07-21 14:43:22] [zabbix-util.cpp->deleteTemplate()] Delete template successfully: template_name=zabbix_test_template_1753083801, template_id=10712
[2025-07-21 14:43:22] [zabbix-util.cpp->createTemplate()] Create template successfully: template_name=zabbix_test_template_1753083802, template_id=10713
[2025-07-21 14:43:22] Start create event: CPU_ALL@check_cpu_usage
[2025-07-21 14:43:22] [zabbix-util.cpp->createTrigger()] Create trigger fail: trigger_name=''
[2025-07-21 14:43:22] [zabbix-util.cpp->createTrigger()] Create trigger fail: trigger_name=''
[2025-07-21 14:43:22] [zabbix-util.cpp->createTrigger()] Create trigger fail: trigger_name=''
[2025-07-21 14:43:22] Create event: CPU_ALL@check_cpu_usage failed
[2025-07-21 14:43:23] [zabbix-util.cpp->deleteTemplate()] Delete template successfully: template_name=zabbix_test_template_1753083802, template_id=10713
[2025-07-21 14:48:59] [zabbix-util.cpp->getHost()]Get host successfully: host_name=fake_dh.hung_Linux_host02
[2025-07-21 14:48:59] [zabbix-util.cpp->findHost()] Found host with: host_name=fake_dh.hung_Linux_host02, ip_addr=100.0.10.12 and host_id=10670
[2025-07-21 14:48:59] [zabbix-util.cpp->createTemplate()] Create template successfully: template_name=zabbix_test_template_1753084139, template_id=10714
[2025-07-21 14:48:59] [zabbix-util.cpp->createItem()] Create item successfully: item_name=CPU Load, item_id=52212
[2025-07-21 14:48:59] [zabbix-util.cpp->createItem()] Create item successfully: item_name=Free Memory, item_id=52213
[2025-07-21 14:48:59] [zabbix-util.cpp->createItem()] Create item successfully: item_name=Disk Space, item_id=52214
[2025-07-21 14:49:00] [zabbix-util.cpp->deleteTemplate()] Delete template successfully: template_name=zabbix_test_template_1753084139, template_id=10714
[2025-07-21 14:49:00] [zabbix-util.cpp->createTemplate()] Create template successfully: template_name=zabbix_test_template_1753084140, template_id=10715
[2025-07-21 14:49:00] Start create event: CPU_ALL@check_cpu_usage
[2025-07-21 14:49:00] [zabbix-util.cpp->createTrigger()] Create trigger fail: trigger_name=''
[2025-07-21 14:49:00] [zabbix-util.cpp->createTrigger()] Create trigger fail: trigger_name=''
[2025-07-21 14:49:00] [zabbix-util.cpp->createTrigger()] Create trigger fail: trigger_name=''
[2025-07-21 14:49:00] Create event: CPU_ALL@check_cpu_usage failed
[2025-07-21 14:49:00] [zabbix-util.cpp->deleteTemplate()] Delete template successfully: template_name=zabbix_test_template_1753084140, template_id=10715
[2025-07-21 14:50:26] [zabbix-util.cpp->getHost()]Get host successfully: host_name=fake_dh.hung_Linux_host02
[2025-07-21 14:50:26] [zabbix-util.cpp->findHost()] Found host with: host_name=fake_dh.hung_Linux_host02, ip_addr=100.0.10.12 and host_id=10670
[2025-07-21 14:50:26] [zabbix-util.cpp->createTemplate()] Create template successfully: template_name=zabbix_test_template_1753084226, template_id=10716
[2025-07-21 14:50:26] [zabbix-util.cpp->createItem()] Create item successfully: item_name=CPU Load, item_id=52215
[2025-07-21 14:50:27] [zabbix-util.cpp->createItem()] Create item successfully: item_name=Free Memory, item_id=52216
[2025-07-21 14:50:27] [zabbix-util.cpp->createItem()] Create item successfully: item_name=Disk Space, item_id=52217
[2025-07-21 14:50:27] [zabbix-util.cpp->deleteTemplate()] Delete template successfully: template_name=zabbix_test_template_1753084226, template_id=10716
[2025-07-21 14:50:27] [zabbix-util.cpp->createTemplate()] Create template successfully: template_name=zabbix_test_template_1753084227, template_id=10717
[2025-07-21 14:50:27] Start create event: CPU_ALL@check_cpu_usage
[2025-07-21 14:50:27] [zabbix-util.cpp->createTrigger()] Create trigger fail: trigger_name=''
[2025-07-21 14:50:28] [zabbix-util.cpp->createTrigger()] Create trigger fail: trigger_name=''
[2025-07-21 14:50:28] Create event: CPU_ALL@check_cpu_usage failed
[2025-07-21 14:50:28] [zabbix-util.cpp->deleteTemplate()] Delete template successfully: template_name=zabbix_test_template_1753084227, template_id=10717
[2025-07-21 15:17:07] [zabbix-util.cpp->getHost()]Get host successfully: host_name=fake_dh.hung_Linux_host02
[2025-07-21 15:17:07] [zabbix-util.cpp->findHost()] Found host with: host_name=fake_dh.hung_Linux_host02, ip_addr=100.0.10.12 and host_id=10670
[2025-07-21 15:17:07] [zabbix-util.cpp->createTemplate()] Create template successfully: template_name=zabbix_test_template_1753085827, template_id=10718
[2025-07-21 15:17:08] [zabbix-util.cpp->createItem()] Create item successfully: item_name=CPU Load, item_id=52218
[2025-07-21 15:17:08] [zabbix-util.cpp->createItem()] Create item successfully: item_name=Free Memory, item_id=52219
[2025-07-21 15:17:08] [zabbix-util.cpp->createItem()] Create item successfully: item_name=Disk Space, item_id=52220
[2025-07-21 15:17:08] [zabbix-util.cpp->deleteTemplate()] Delete template successfully: template_name=zabbix_test_template_1753085827, template_id=10718
[2025-07-21 15:17:08] [zabbix-util.cpp->createTemplate()] Create template successfully: template_name=zabbix_test_template_1753085828, template_id=10719
[2025-07-21 15:17:08] [zabbix-util.cpp->createItem()] Create item successfully: item_name=CPU Load, item_id=52221
[2025-07-21 15:17:09] [zabbix-util.cpp->createItem()] Create item successfully: item_name=Free Memory, item_id=52222
[2025-07-21 15:17:09] [zabbix-util.cpp->createItem()] Create item successfully: item_name=Disk Space, item_id=52223
[2025-07-21 15:17:09] Start create event: CPU_ALL@check_cpu_usage
[2025-07-21 15:17:09] [zabbix-util.cpp->createTrigger()] Create trigger successfully: trigger_name='', trigger_id=25250
[2025-07-21 15:17:09] [zabbix-util.cpp->createTrigger()] Create trigger successfully: trigger_name='', trigger_id=25251
[2025-07-21 15:17:09] Create event: CPU_ALL@check_cpu_usage successfully
[2025-07-21 15:17:09] [zabbix-util.cpp->deleteTemplate()] Delete template successfully: template_name=zabbix_test_template_1753085828, template_id=10719
[2025-07-21 15:17:10] [zabbix-util.cpp->getAllItemOfHost()] Get item of 10670 successfully. Number of item is: 4
[2025-07-21 15:17:10] [zabbix-util.cpp->getAllTriggerOfHost()] Get trigger of 10670 successfully. Number of trigger is: 2
[2025-07-21 15:17:10] [zabbix-util.cpp->updateItem()] Update item successfully: itemid=49419
[2025-07-21 15:17:10] Update item success: host_name=fake_dh.hung_Linux_host02, host_ip=, item=CPU Load
[2025-07-21 15:17:10] [zabbix-util.cpp->updateItem()] Update item successfully: itemid=49420
[2025-07-21 15:17:10] Update item success: host_name=fake_dh.hung_Linux_host02, host_ip=, item=Free Memory
[2025-07-21 15:17:10] [zabbix-util.cpp->updateItem()] Update item successfully: itemid=50199
[2025-07-21 15:17:10] Update item success: host_name=fake_dh.hung_Linux_host02, host_ip=, item=Disk Space
[2025-07-21 15:17:11] [zabbix-util.cpp->deleteTrigger()] Delete trigger successfully: triggerid=24737
[2025-07-21 15:17:11] [zabbix-util.cpp->deleteTrigger()] Delete trigger successfully: triggerid=24738
[2025-07-21 15:17:11] [zabbix-util.cpp->createTrigger()] Create trigger successfully: trigger_name='', trigger_id=25252
[2025-07-21 15:17:11] [zabbix-util.cpp->createTrigger()] Create trigger successfully: trigger_name='', trigger_id=25253
[2025-07-21 15:17:36] [zabbix-util.cpp->getHost()]Get host successfully: host_name=fake_dh.hung_Linux_host02
[2025-07-21 15:17:36] [zabbix-util.cpp->findHost()] Found host with: host_name=fake_dh.hung_Linux_host02, ip_addr=100.0.10.12 and host_id=10670
[2025-07-21 15:17:36] [zabbix-util.cpp->createTemplate()] Create template successfully: template_name=zabbix_test_template_1753085856, template_id=10720
[2025-07-21 15:17:36] [zabbix-util.cpp->createItem()] Create item successfully: item_name=CPU Load, item_id=52224
[2025-07-21 15:17:37] [zabbix-util.cpp->createItem()] Create item successfully: item_name=Free Memory, item_id=52225
[2025-07-21 15:17:37] [zabbix-util.cpp->createItem()] Create item successfully: item_name=Disk Space, item_id=52226
[2025-07-21 15:17:37] [zabbix-util.cpp->deleteTemplate()] Delete template successfully: template_name=zabbix_test_template_1753085856, template_id=10720
[2025-07-21 15:17:37] [zabbix-util.cpp->createTemplate()] Create template successfully: template_name=zabbix_test_template_1753085857, template_id=10721
[2025-07-21 15:17:38] [zabbix-util.cpp->createItem()] Create item successfully: item_name=CPU Load, item_id=52227
[2025-07-21 15:17:38] [zabbix-util.cpp->createItem()] Create item successfully: item_name=Free Memory, item_id=52228
[2025-07-21 15:17:38] [zabbix-util.cpp->createItem()] Create item successfully: item_name=Disk Space, item_id=52229
[2025-07-21 15:17:38] Start create event: CPU_ALL@check_cpu_usage
[2025-07-21 15:17:38] [zabbix-util.cpp->createTrigger()] Create trigger successfully: trigger_name='', trigger_id=25254
[2025-07-21 15:17:38] [zabbix-util.cpp->createTrigger()] Create trigger successfully: trigger_name='', trigger_id=25255
[2025-07-21 15:17:38] [zabbix-util.cpp->createTrigger()] Create trigger successfully: trigger_name='', trigger_id=25256
[2025-07-21 15:17:38] Create event: CPU_ALL@check_cpu_usage successfully
[2025-07-21 15:17:39] [zabbix-util.cpp->deleteTemplate()] Delete template successfully: template_name=zabbix_test_template_1753085857, template_id=10721
[2025-07-21 15:17:39] [zabbix-util.cpp->getAllItemOfHost()] Get item of 10670 successfully. Number of item is: 4
[2025-07-21 15:17:39] [zabbix-util.cpp->getAllTriggerOfHost()] Get trigger of 10670 successfully. Number of trigger is: 2
[2025-07-21 15:17:39] [zabbix-util.cpp->updateItem()] Update item successfully: itemid=49419
[2025-07-21 15:17:39] Update item success: host_name=fake_dh.hung_Linux_host02, host_ip=, item=CPU Load
[2025-07-21 15:17:39] [zabbix-util.cpp->updateItem()] Update item successfully: itemid=49420
[2025-07-21 15:17:39] Update item success: host_name=fake_dh.hung_Linux_host02, host_ip=, item=Free Memory
[2025-07-21 15:17:39] [zabbix-util.cpp->updateItem()] Update item successfully: itemid=50199
[2025-07-21 15:17:39] Update item success: host_name=fake_dh.hung_Linux_host02, host_ip=, item=Disk Space
[2025-07-21 15:17:39] [zabbix-util.cpp->deleteTrigger()] Delete trigger successfully: triggerid=25252
[2025-07-21 15:17:40] [zabbix-util.cpp->deleteTrigger()] Delete trigger successfully: triggerid=25253
[2025-07-21 15:17:40] [zabbix-util.cpp->createTrigger()] Create trigger successfully: trigger_name='', trigger_id=25257
[2025-07-21 15:17:40] [zabbix-util.cpp->createTrigger()] Create trigger successfully: trigger_name='', trigger_id=25258
[2025-07-21 15:17:40] [zabbix-util.cpp->createTrigger()] Create trigger successfully: trigger_name='', trigger_id=25259
[2025-07-21 15:18:23] [zabbix-util.cpp->getHost()]Get host successfully: host_name=fake_dh.hung_Linux_host02
[2025-07-21 15:18:23] [zabbix-util.cpp->findHost()] Found host with: host_name=fake_dh.hung_Linux_host02, ip_addr=100.0.10.12 and host_id=10670
[2025-07-21 15:18:24] [zabbix-util.cpp->createTemplate()] Create template successfully: template_name=zabbix_test_template_1753085903, template_id=10722
[2025-07-21 15:18:24] [zabbix-util.cpp->createItem()] Create item successfully: item_name=CPU Load, item_id=52230
[2025-07-21 15:18:24] [zabbix-util.cpp->createItem()] Create item successfully: item_name=Free Memory, item_id=52231
[2025-07-21 15:18:24] [zabbix-util.cpp->createItem()] Create item successfully: item_name=Disk Space, item_id=52232
[2025-07-21 15:18:25] [zabbix-util.cpp->deleteTemplate()] Delete template successfully: template_name=zabbix_test_template_1753085903, template_id=10722
[2025-07-21 15:18:25] [zabbix-util.cpp->createTemplate()] Create template successfully: template_name=zabbix_test_template_1753085905, template_id=10723
[2025-07-21 15:18:25] [zabbix-util.cpp->createItem()] Create item successfully: item_name=CPU Load, item_id=52233
[2025-07-21 15:18:25] [zabbix-util.cpp->createItem()] Create item successfully: item_name=Free Memory, item_id=52234
[2025-07-21 15:18:25] [zabbix-util.cpp->createItem()] Create item successfully: item_name=Disk Space, item_id=52235
[2025-07-21 15:18:25] Start create event: CPU_ALL@check_cpu_usage
[2025-07-21 15:18:26] [zabbix-util.cpp->createTrigger()] Create trigger successfully: trigger_name='', trigger_id=25260
[2025-07-21 15:18:26] [zabbix-util.cpp->createTrigger()] Create trigger successfully: trigger_name='', trigger_id=25261
[2025-07-21 15:18:26] [zabbix-util.cpp->createTrigger()] Create trigger successfully: trigger_name='', trigger_id=25262
[2025-07-21 15:18:26] Create event: CPU_ALL@check_cpu_usage successfully
[2025-07-21 15:18:26] [zabbix-util.cpp->deleteTemplate()] Delete template successfully: template_name=zabbix_test_template_1753085905, template_id=10723
[2025-07-21 15:18:26] [zabbix-util.cpp->getAllItemOfHost()] Get item of 10670 successfully. Number of item is: 4
[2025-07-21 15:18:26] [zabbix-util.cpp->getAllTriggerOfHost()] Get trigger of 10670 successfully. Number of trigger is: 3
[2025-07-21 15:18:26] [zabbix-util.cpp->updateItem()] Update item successfully: itemid=49419
[2025-07-21 15:18:27] Update item success: host_name=fake_dh.hung_Linux_host02, host_ip=, item=CPU Load
[2025-07-21 15:18:27] [zabbix-util.cpp->updateItem()] Update item successfully: itemid=49420
[2025-07-21 15:18:27] Update item success: host_name=fake_dh.hung_Linux_host02, host_ip=, item=Free Memory
[2025-07-21 15:18:27] [zabbix-util.cpp->updateItem()] Update item successfully: itemid=50199
[2025-07-21 15:18:27] Update item success: host_name=fake_dh.hung_Linux_host02, host_ip=, item=Disk Space
[2025-07-21 15:18:27] [zabbix-util.cpp->deleteTrigger()] Delete trigger successfully: triggerid=25257
[2025-07-21 15:18:27] [zabbix-util.cpp->deleteTrigger()] Delete trigger successfully: triggerid=25258
[2025-07-21 15:18:27] [zabbix-util.cpp->deleteTrigger()] Delete trigger successfully: triggerid=25259
[2025-07-21 15:18:28] [zabbix-util.cpp->createTrigger()] Create trigger successfully: trigger_name='', trigger_id=25263
[2025-07-21 15:18:28] [zabbix-util.cpp->createTrigger()] Create trigger successfully: trigger_name='', trigger_id=25264
[2025-07-21 15:18:28] [zabbix-util.cpp->createTrigger()] Create trigger successfully: trigger_name='', trigger_id=25265
[2025-07-21 15:41:31] [zabbix-util.cpp->createRegexp()] create regexp successfully: regexpid=9
[2025-07-23 08:37:34] [zabbix-util.cpp->getHost()]Get host successfully: host_name=fake_dh.hung_Linux_host02
[2025-07-23 08:37:34] [zabbix-util.cpp->findHost()] Found host with: host_name=fake_dh.hung_Linux_host02, ip_addr=100.0.10.12 and host_id=10670
[2025-07-23 08:37:35] [zabbix-util.cpp->createTemplate()] Create template successfully: template_name=zabbix_test_template_1753234654, template_id=10725
[2025-07-23 08:38:26] [zabbix-util.cpp->getHost()]Get host successfully: host_name=fake_dh.hung_Linux_host02
[2025-07-23 08:38:26] [zabbix-util.cpp->findHost()] Found host with: host_name=fake_dh.hung_Linux_host02, ip_addr=100.0.10.12 and host_id=10670
[2025-07-23 08:38:27] [zabbix-util.cpp->createTemplate()] Create template successfully: template_name=zabbix_test_template_1753234706, template_id=10726
[2025-07-23 08:38:27] [zabbix-util.cpp->createItem()] Create item successfully: item_name=available_memory, item_id=52589
[2025-07-23 08:38:27] [zabbix-util.cpp->createItem()] Create item successfully: item_name=icmp_ping, item_id=52590
[2025-07-23 08:38:27] [zabbix-util.cpp->createItem()] Create item successfully: item_name=available_memory_in_percentage, item_id=52591
[2025-07-23 08:38:27] [zabbix-util.cpp->createItem()] Create item successfully: item_name=cpu_all_system_usage, item_id=52592
[2025-07-23 08:38:27] [zabbix-util.cpp->createItem()] Create item successfully: item_name=cpu_all_util_usage, item_id=52593
[2025-07-23 08:38:28] [zabbix-util.cpp->createItem()] Create item successfully: item_name=memory_utilization, item_id=52594
[2025-07-23 08:38:28] [zabbix-util.cpp->createItem()] Create item successfully: item_name=swap_usage, item_id=52595
[2025-07-23 08:38:28] [zabbix-util.cpp->deleteTemplate()] Delete template successfully: template_name=zabbix_test_template_1753234706, template_id=10726
[2025-07-23 08:38:28] [zabbix-util.cpp->createTemplate()] Create template successfully: template_name=zabbix_test_template_1753234708, template_id=10727
[2025-07-23 08:38:29] [zabbix-util.cpp->createItem()] Create item successfully: item_name=available_memory, item_id=52596
[2025-07-23 08:38:29] [zabbix-util.cpp->createItem()] Create item successfully: item_name=icmp_ping, item_id=52597
[2025-07-23 08:38:29] [zabbix-util.cpp->createItem()] Create item successfully: item_name=available_memory_in_percentage, item_id=52598
[2025-07-23 08:38:29] [zabbix-util.cpp->createItem()] Create item successfully: item_name=cpu_all_system_usage, item_id=52599
[2025-07-23 08:38:29] [zabbix-util.cpp->createItem()] Create item successfully: item_name=cpu_all_util_usage, item_id=52600
[2025-07-23 08:38:29] [zabbix-util.cpp->createItem()] Create item successfully: item_name=memory_utilization, item_id=52601
[2025-07-23 08:38:30] [zabbix-util.cpp->createItem()] Create item successfully: item_name=swap_usage, item_id=52602
[2025-07-23 08:38:30] Start create event: MEM@check_mem_available
[2025-07-23 08:38:30] [zabbix-util.cpp->createTrigger()] Create trigger fail: trigger_name=''
[2025-07-23 08:38:30] Create event: MEM@check_mem_available failed
[2025-07-23 08:38:30] Start create event: MEM@check_mem_pavailable
[2025-07-23 08:38:30] [zabbix-util.cpp->createTrigger()] Create trigger successfully: trigger_name='', trigger_id=25388
[2025-07-23 08:38:30] [zabbix-util.cpp->createTrigger()] Create trigger successfully: trigger_name='', trigger_id=25389
[2025-07-23 08:38:30] Create event: MEM@check_mem_pavailable successfully
[2025-07-23 08:38:30] Start create event: CPU_ALL@check_sys_usage
[2025-07-23 08:38:30] [zabbix-util.cpp->createTrigger()] Create trigger successfully: trigger_name='', trigger_id=25390
[2025-07-23 08:38:30] [zabbix-util.cpp->createTrigger()] Create trigger successfully: trigger_name='', trigger_id=25391
[2025-07-23 08:38:30] Create event: CPU_ALL@check_sys_usage successfully
[2025-07-23 08:38:30] Start create event: CPU_ALL@check_sys_usage
[2025-07-23 08:38:31] [zabbix-util.cpp->createTrigger()] Create trigger successfully: trigger_name='', trigger_id=25392
[2025-07-23 08:38:31] [zabbix-util.cpp->createTrigger()] Create trigger successfully: trigger_name='', trigger_id=25393
[2025-07-23 08:38:31] Create event: CPU_ALL@check_sys_usage successfully
[2025-07-23 08:38:31] Start create event: MEM@check_mem_available
[2025-07-23 08:38:31] [zabbix-util.cpp->createTrigger()] Create trigger successfully: trigger_name='', trigger_id=25394
[2025-07-23 08:38:31] [zabbix-util.cpp->createTrigger()] Create trigger successfully: trigger_name='', trigger_id=25395
[2025-07-23 08:38:31] Create event: MEM@check_mem_available successfully
[2025-07-23 08:38:31] Start create event: SWAPUSAGE@check_usage
[2025-07-23 08:38:31] [zabbix-util.cpp->createTrigger()] Create trigger successfully: trigger_name='', trigger_id=25396
[2025-07-23 08:38:31] [zabbix-util.cpp->createTrigger()] Create trigger successfully: trigger_name='', trigger_id=25397
[2025-07-23 08:38:31] Create event: SWAPUSAGE@check_usage successfully
[2025-07-23 08:38:32] [zabbix-util.cpp->deleteTemplate()] Delete template successfully: template_name=zabbix_test_template_1753234708, template_id=10727
[2025-07-23 08:39:11] [zabbix-util.cpp->getHost()]Get host successfully: host_name=fake_dh.hung_Linux_host02
[2025-07-23 08:39:11] [zabbix-util.cpp->findHost()] Found host with: host_name=fake_dh.hung_Linux_host02, ip_addr=100.0.10.12 and host_id=10670
[2025-07-23 08:39:11] [zabbix-util.cpp->createTemplate()] Create template successfully: template_name=zabbix_test_template_1753234751, template_id=10728
[2025-07-23 08:39:11] [zabbix-util.cpp->createItem()] Create item successfully: item_name=available_memory, item_id=52603
[2025-07-23 08:39:11] [zabbix-util.cpp->createItem()] Create item successfully: item_name=icmp_ping, item_id=52604
[2025-07-23 08:39:11] [zabbix-util.cpp->createItem()] Create item successfully: item_name=available_memory_in_percentage, item_id=52605
[2025-07-23 08:39:12] [zabbix-util.cpp->createItem()] Create item successfully: item_name=cpu_all_system_usage, item_id=52606
[2025-07-23 08:39:12] [zabbix-util.cpp->createItem()] Create item successfully: item_name=cpu_all_util_usage, item_id=52607
[2025-07-23 08:39:12] [zabbix-util.cpp->createItem()] Create item successfully: item_name=memory_utilization, item_id=52608
[2025-07-23 08:39:12] [zabbix-util.cpp->createItem()] Create item successfully: item_name=swap_usage, item_id=52609
[2025-07-23 08:39:12] [zabbix-util.cpp->deleteTemplate()] Delete template successfully: template_name=zabbix_test_template_1753234751, template_id=10728
[2025-07-23 08:39:12] [zabbix-util.cpp->createTemplate()] Create template successfully: template_name=zabbix_test_template_1753234752, template_id=10729
[2025-07-23 08:39:13] [zabbix-util.cpp->createItem()] Create item successfully: item_name=available_memory, item_id=52610
[2025-07-23 08:39:13] [zabbix-util.cpp->createItem()] Create item successfully: item_name=icmp_ping, item_id=52611
[2025-07-23 08:39:13] [zabbix-util.cpp->createItem()] Create item successfully: item_name=available_memory_in_percentage, item_id=52612
[2025-07-23 08:39:13] [zabbix-util.cpp->createItem()] Create item successfully: item_name=cpu_all_system_usage, item_id=52613
[2025-07-23 08:39:14] [zabbix-util.cpp->createItem()] Create item successfully: item_name=cpu_all_util_usage, item_id=52614
[2025-07-23 08:39:14] [zabbix-util.cpp->createItem()] Create item successfully: item_name=memory_utilization, item_id=52615
[2025-07-23 08:39:14] [zabbix-util.cpp->createItem()] Create item successfully: item_name=swap_usage, item_id=52616
[2025-07-23 08:39:14] Start create event: MEM@check_mem_pavailable
[2025-07-23 08:39:14] [zabbix-util.cpp->createTrigger()] Create trigger successfully: trigger_name='', trigger_id=25398
[2025-07-23 08:39:14] [zabbix-util.cpp->createTrigger()] Create trigger successfully: trigger_name='', trigger_id=25399
[2025-07-23 08:39:14] Create event: MEM@check_mem_pavailable successfully
[2025-07-23 08:39:14] Start create event: CPU_ALL@check_sys_usage
[2025-07-23 08:39:14] [zabbix-util.cpp->createTrigger()] Create trigger successfully: trigger_name='', trigger_id=25400
[2025-07-23 08:39:15] [zabbix-util.cpp->createTrigger()] Create trigger successfully: trigger_name='', trigger_id=25401
[2025-07-23 08:39:15] Create event: CPU_ALL@check_sys_usage successfully
[2025-07-23 08:39:15] Start create event: CPU_ALL@check_sys_usage
[2025-07-23 08:39:15] [zabbix-util.cpp->createTrigger()] Create trigger successfully: trigger_name='', trigger_id=25402
[2025-07-23 08:39:15] [zabbix-util.cpp->createTrigger()] Create trigger successfully: trigger_name='', trigger_id=25403
[2025-07-23 08:39:15] Create event: CPU_ALL@check_sys_usage successfully
[2025-07-23 08:39:15] Start create event: MEM@check_mem_available
[2025-07-23 08:39:15] [zabbix-util.cpp->createTrigger()] Create trigger successfully: trigger_name='', trigger_id=25404
[2025-07-23 08:39:15] [zabbix-util.cpp->createTrigger()] Create trigger successfully: trigger_name='', trigger_id=25405
[2025-07-23 08:39:15] Create event: MEM@check_mem_available successfully
[2025-07-23 08:39:15] Start create event: SWAPUSAGE@check_usage
[2025-07-23 08:39:15] [zabbix-util.cpp->createTrigger()] Create trigger successfully: trigger_name='', trigger_id=25406
[2025-07-23 08:39:16] [zabbix-util.cpp->createTrigger()] Create trigger successfully: trigger_name='', trigger_id=25407
[2025-07-23 08:39:16] Create event: SWAPUSAGE@check_usage successfully
[2025-07-23 08:39:16] [zabbix-util.cpp->deleteTemplate()] Delete template successfully: template_name=zabbix_test_template_1753234752, template_id=10729
[2025-07-23 08:39:16] [zabbix-util.cpp->getAllItemOfHost()] Get item of 10670 successfully. Number of item is: 0
[2025-07-23 08:39:16] [zabbix-util.cpp->getAllTriggerOfHost()] Get trigger of 10670 successfully. Number of trigger is: 0
[2025-07-23 08:39:16] [zabbix-util.cpp->createItem()] Create item successfully: item_name=available_memory, item_id=52617
[2025-07-23 08:39:16] Create item success: host_name=fake_dh.hung_Linux_host02, host_ip=, item=available_memory
[2025-07-23 08:39:16] [zabbix-util.cpp->createItem()] Create item successfully: item_name=icmp_ping, item_id=52618
[2025-07-23 08:39:16] Create item success: host_name=fake_dh.hung_Linux_host02, host_ip=, item=icmp_ping
[2025-07-23 08:39:16] [zabbix-util.cpp->createItem()] Create item successfully: item_name=available_memory_in_percentage, item_id=52619
[2025-07-23 08:39:16] Create item success: host_name=fake_dh.hung_Linux_host02, host_ip=, item=available_memory_in_percentage
[2025-07-23 08:39:17] [zabbix-util.cpp->createItem()] Create item successfully: item_name=cpu_all_system_usage, item_id=52620
[2025-07-23 08:39:17] Create item success: host_name=fake_dh.hung_Linux_host02, host_ip=, item=cpu_all_system_usage
[2025-07-23 08:39:17] [zabbix-util.cpp->createItem()] Create item successfully: item_name=cpu_all_util_usage, item_id=52621
[2025-07-23 08:39:17] Create item success: host_name=fake_dh.hung_Linux_host02, host_ip=, item=cpu_all_util_usage
[2025-07-23 08:39:17] [zabbix-util.cpp->createItem()] Create item successfully: item_name=memory_utilization, item_id=52622
[2025-07-23 08:39:17] Create item success: host_name=fake_dh.hung_Linux_host02, host_ip=, item=memory_utilization
[2025-07-23 08:39:17] [zabbix-util.cpp->createItem()] Create item successfully: item_name=swap_usage, item_id=52623
[2025-07-23 08:39:17] Create item success: host_name=fake_dh.hung_Linux_host02, host_ip=, item=swap_usage
[2025-07-23 08:39:17] Start create event: MEM@check_mem_pavailable
[2025-07-23 08:39:17] [zabbix-util.cpp->createTrigger()] Create trigger successfully: trigger_name='', trigger_id=25408
[2025-07-23 08:39:17] [zabbix-util.cpp->createTrigger()] Create trigger successfully: trigger_name='', trigger_id=25409
[2025-07-23 08:39:17] Create event: MEM@check_mem_pavailable successfully
[2025-07-23 08:39:17] Start create event: CPU_ALL@check_sys_usage
[2025-07-23 08:39:17] [zabbix-util.cpp->createTrigger()] Create trigger successfully: trigger_name='', trigger_id=25410
[2025-07-23 08:39:18] [zabbix-util.cpp->createTrigger()] Create trigger successfully: trigger_name='', trigger_id=25411
[2025-07-23 08:39:18] Create event: CPU_ALL@check_sys_usage successfully
[2025-07-23 08:39:18] Start create event: CPU_ALL@check_sys_usage
[2025-07-23 08:39:18] [zabbix-util.cpp->createTrigger()] Create trigger successfully: trigger_name='', trigger_id=25412
[2025-07-23 08:39:18] [zabbix-util.cpp->createTrigger()] Create trigger successfully: trigger_name='', trigger_id=25413
[2025-07-23 08:39:18] Create event: CPU_ALL@check_sys_usage successfully
[2025-07-23 08:39:18] Start create event: MEM@check_mem_available
[2025-07-23 08:39:18] [zabbix-util.cpp->createTrigger()] Create trigger successfully: trigger_name='', trigger_id=25414
[2025-07-23 08:39:18] [zabbix-util.cpp->createTrigger()] Create trigger successfully: trigger_name='', trigger_id=25415
[2025-07-23 08:39:18] Create event: MEM@check_mem_available successfully
[2025-07-23 08:39:18] Start create event: SWAPUSAGE@check_usage
[2025-07-23 08:39:18] [zabbix-util.cpp->createTrigger()] Create trigger successfully: trigger_name='', trigger_id=25416
[2025-07-23 08:39:19] [zabbix-util.cpp->createTrigger()] Create trigger successfully: trigger_name='', trigger_id=25417
[2025-07-23 08:39:19] Create event: SWAPUSAGE@check_usage successfully
[2025-07-29 17:14:02] [zabbix-util.cpp->getHost()]Get host successfully: host_name=fake_dh.hung_Linux_host
[2025-07-29 17:14:02] [zabbix-util.cpp->findHost()] Found host with: host_name=fake_dh.hung_Linux_host, ip_addr=127.0.0.1 and host_id=10629
[2025-07-29 17:14:02] [zabbix-util.cpp->getHost()]Get host successfully: host_name=fake_dh.hung_Linux_host01
[2025-07-29 17:14:02] [zabbix-util.cpp->findHost()] Found host with: host_name=fake_dh.hung_Linux_host01, ip_addr=128.123.100.12 and host_id=10657
[2025-07-29 17:14:02] [zabbix-util.cpp->getHost()]Get host successfully: host_name=fake_dh.hung_Linux_host02
[2025-07-29 17:14:02] [zabbix-util.cpp->findHost()] Found host with: host_name=fake_dh.hung_Linux_host02, ip_addr=100.0.10.12 and host_id=10670
[2025-07-29 17:14:02] [zabbix-util.cpp->getHost()]Get host successfully: host_name=fake_dh.hung_Linux_host03
[2025-07-29 17:14:02] [zabbix-util.cpp->findHost()] Found host with: host_name=fake_dh.hung_Linux_host03, ip_addr=172.184.112.224 and host_id=10658
[2025-07-29 17:14:02] [zabbix-util.cpp->createTemplate()] Create template successfully: template_name=zabbix_test_template_1753784042, template_id=10751
[2025-07-29 17:15:05] [zabbix-util.cpp->getHost()]Get host successfully: host_name=fake_dh.hung_Linux_host
[2025-07-29 17:15:05] [zabbix-util.cpp->findHost()] Found host with: host_name=fake_dh.hung_Linux_host, ip_addr=127.0.0.1 and host_id=10629
[2025-07-29 17:15:05] [zabbix-util.cpp->getHost()]Get host successfully: host_name=fake_dh.hung_Linux_host01
[2025-07-29 17:15:05] [zabbix-util.cpp->findHost()] Found host with: host_name=fake_dh.hung_Linux_host01, ip_addr=128.123.100.12 and host_id=10657
[2025-07-29 17:15:06] [zabbix-util.cpp->getHost()]Get host successfully: host_name=fake_dh.hung_Linux_host02
[2025-07-29 17:15:06] [zabbix-util.cpp->findHost()] Found host with: host_name=fake_dh.hung_Linux_host02, ip_addr=100.0.10.12 and host_id=10670
[2025-07-29 17:15:06] [zabbix-util.cpp->getHost()]Get host successfully: host_name=fake_dh.hung_Linux_host03
[2025-07-29 17:15:06] [zabbix-util.cpp->findHost()] Found host with: host_name=fake_dh.hung_Linux_host03, ip_addr=172.184.112.224 and host_id=10658
[2025-07-29 17:15:06] [zabbix-util.cpp->createTemplate()] Create template successfully: template_name=zabbix_test_template_1753784106, template_id=10752
[2025-07-29 17:15:06] [zabbix-util.cpp->createItem()] Create item successfully: item_name=available_memory, item_id=53766
[2025-07-29 17:15:06] [zabbix-util.cpp->createItem()] Create item successfully: item_name=icmp_ping, item_id=53767
[2025-07-29 17:15:06] [zabbix-util.cpp->createItem()] Create item successfully: item_name=available_memory_in_percentage, item_id=53768
[2025-07-29 17:15:07] [zabbix-util.cpp->createItem()] Create item successfully: item_name=cpu_all_system_usage, item_id=53769
[2025-07-29 17:15:07] [zabbix-util.cpp->createItem()] Create item successfully: item_name=cpu_all_util_usage, item_id=53770
[2025-07-29 17:15:07] [zabbix-util.cpp->createItem()] Create item successfully: item_name=memory_utilization, item_id=53771
[2025-07-29 17:15:07] [zabbix-util.cpp->createItem()] Create item successfully: item_name=swap_usage, item_id=53772
[2025-07-29 17:15:07] [zabbix-util.cpp->createItem()] Create item successfully: item_name=check_ntp_timegap, item_id=53773
[2025-07-29 17:15:07] [zabbix-util.cpp->createItem()] Create item successfully: item_name=check_sys_cnt, item_id=53774
[2025-07-29 17:15:08] [zabbix-util.cpp->createItem()] Create item successfully: item_name=check_uptime, item_id=53775
[2025-07-29 17:15:08] [zabbix-util.cpp->createItem()] Create item successfully: item_name=check_agent_available, item_id=53776
[2025-07-29 17:15:08] [zabbix-util.cpp->deleteTemplate()] Delete template successfully: template_name=zabbix_test_template_1753784106, template_id=10752
[2025-07-29 17:15:08] [zabbix-util.cpp->createTemplate()] Create template successfully: template_name=zabbix_test_template_1753784108, template_id=10753
[2025-07-29 17:15:08] [zabbix-util.cpp->createItem()] Create item successfully: item_name=available_memory, item_id=53777
[2025-07-29 17:15:08] [zabbix-util.cpp->createItem()] Create item successfully: item_name=icmp_ping, item_id=53778
[2025-07-29 17:15:09] [zabbix-util.cpp->createItem()] Create item successfully: item_name=available_memory_in_percentage, item_id=53779
[2025-07-29 17:15:09] [zabbix-util.cpp->createItem()] Create item successfully: item_name=cpu_all_system_usage, item_id=53780
[2025-07-29 17:15:09] [zabbix-util.cpp->createItem()] Create item successfully: item_name=cpu_all_util_usage, item_id=53781
[2025-07-29 17:15:09] [zabbix-util.cpp->createItem()] Create item successfully: item_name=memory_utilization, item_id=53782
[2025-07-29 17:15:09] [zabbix-util.cpp->createItem()] Create item successfully: item_name=swap_usage, item_id=53783
[2025-07-29 17:15:10] [zabbix-util.cpp->createItem()] Create item successfully: item_name=check_ntp_timegap, item_id=53784
[2025-07-29 17:15:10] [zabbix-util.cpp->createItem()] Create item successfully: item_name=check_sys_cnt, item_id=53785
[2025-07-29 17:15:10] [zabbix-util.cpp->createItem()] Create item successfully: item_name=check_uptime, item_id=53786
[2025-07-29 17:15:10] [zabbix-util.cpp->createItem()] Create item successfully: item_name=check_agent_available, item_id=53787
[2025-07-29 17:15:10] Start create event: check_icmp_ping
[2025-07-29 17:15:10] [zabbix-util.cpp->createTrigger()] Create trigger fail: trigger_name=''
[2025-07-29 17:15:10] Create event: check_icmp_ping failed
[2025-07-29 17:15:10] Start create event: MEM@check_mem_pavailable
[2025-07-29 17:15:10] [zabbix-util.cpp->createTrigger()] Create trigger successfully: trigger_name='', trigger_id=26089
[2025-07-29 17:15:10] [zabbix-util.cpp->createTrigger()] Create trigger successfully: trigger_name='', trigger_id=26090
[2025-07-29 17:15:10] Create event: MEM@check_mem_pavailable successfully
[2025-07-29 17:15:10] Start create event: CPU_ALL@check_sys_usage
[2025-07-29 17:15:11] [zabbix-util.cpp->createTrigger()] Create trigger successfully: trigger_name='', trigger_id=26091
[2025-07-29 17:15:11] [zabbix-util.cpp->createTrigger()] Create trigger successfully: trigger_name='', trigger_id=26092
[2025-07-29 17:15:11] Create event: CPU_ALL@check_sys_usage successfully
[2025-07-29 17:15:11] Start create event: CPU_ALL@check_sys_usage
[2025-07-29 17:15:11] [zabbix-util.cpp->createTrigger()] Create trigger successfully: trigger_name='', trigger_id=26093
[2025-07-29 17:15:11] [zabbix-util.cpp->createTrigger()] Create trigger successfully: trigger_name='', trigger_id=26094
[2025-07-29 17:15:11] Create event: CPU_ALL@check_sys_usage successfully
[2025-07-29 17:15:11] Start create event: MEM@check_mem_available
[2025-07-29 17:15:11] [zabbix-util.cpp->createTrigger()] Create trigger successfully: trigger_name='', trigger_id=26095
[2025-07-29 17:15:12] [zabbix-util.cpp->createTrigger()] Create trigger successfully: trigger_name='', trigger_id=26096
[2025-07-29 17:15:12] Create event: MEM@check_mem_available successfully
[2025-07-29 17:15:12] Start create event: SWAPUSAGE@check_usage
[2025-07-29 17:15:12] [zabbix-util.cpp->createTrigger()] Create trigger successfully: trigger_name='', trigger_id=26097
[2025-07-29 17:15:12] [zabbix-util.cpp->createTrigger()] Create trigger successfully: trigger_name='', trigger_id=26098
[2025-07-29 17:15:12] Create event: SWAPUSAGE@check_usage successfully
[2025-07-29 17:15:12] Start create event: MXSC_NTP@check_ntp_timegap
[2025-07-29 17:15:12] [zabbix-util.cpp->createTrigger()] Create trigger successfully: trigger_name='', trigger_id=26099
[2025-07-29 17:15:12] Create event: MXSC_NTP@check_ntp_timegap successfully
[2025-07-29 17:15:12] Start create event: MXSC_SOCKET@check_sys_cnt
[2025-07-29 17:15:12] [zabbix-util.cpp->createTrigger()] Create trigger successfully: trigger_name='', trigger_id=26100
[2025-07-29 17:15:12] [zabbix-util.cpp->createTrigger()] Create trigger successfully: trigger_name='', trigger_id=26101
[2025-07-29 17:15:12] Create event: MXSC_SOCKET@check_sys_cnt successfully
[2025-07-29 17:15:12] Start create event: UPTIME@check_uptime_latest
[2025-07-29 17:15:13] [zabbix-util.cpp->createTrigger()] Create trigger successfully: trigger_name='', trigger_id=26102
[2025-07-29 17:15:13] Create event: UPTIME@check_uptime_latest successfully
[2025-07-29 17:15:13] Start create event: check_agent_available
[2025-07-29 17:15:13] [zabbix-util.cpp->createTrigger()] Create trigger successfully: trigger_name='', trigger_id=26103
[2025-07-29 17:15:13] Create event: check_agent_available successfully
[2025-07-29 17:15:13] [zabbix-util.cpp->deleteTemplate()] Delete template successfully: template_name=zabbix_test_template_1753784108, template_id=10753
[2025-07-29 17:15:53] [zabbix-util.cpp->getHost()]Get host successfully: host_name=fake_dh.hung_Linux_host
[2025-07-29 17:15:53] [zabbix-util.cpp->findHost()] Found host with: host_name=fake_dh.hung_Linux_host, ip_addr=127.0.0.1 and host_id=10629
[2025-07-29 17:15:53] [zabbix-util.cpp->getHost()]Get host successfully: host_name=fake_dh.hung_Linux_host01
[2025-07-29 17:15:53] [zabbix-util.cpp->findHost()] Found host with: host_name=fake_dh.hung_Linux_host01, ip_addr=128.123.100.12 and host_id=10657
[2025-07-29 17:15:53] [zabbix-util.cpp->getHost()]Get host successfully: host_name=fake_dh.hung_Linux_host02
[2025-07-29 17:15:53] [zabbix-util.cpp->findHost()] Found host with: host_name=fake_dh.hung_Linux_host02, ip_addr=100.0.10.12 and host_id=10670
[2025-07-29 17:15:53] [zabbix-util.cpp->getHost()]Get host successfully: host_name=fake_dh.hung_Linux_host03
[2025-07-29 17:15:53] [zabbix-util.cpp->findHost()] Found host with: host_name=fake_dh.hung_Linux_host03, ip_addr=172.184.112.224 and host_id=10658
[2025-07-29 17:15:53] [zabbix-util.cpp->createTemplate()] Create template successfully: template_name=zabbix_test_template_1753784153, template_id=10754
[2025-07-29 17:15:54] [zabbix-util.cpp->createItem()] Create item successfully: item_name=available_memory, item_id=53788
[2025-07-29 17:15:54] [zabbix-util.cpp->createItem()] Create item successfully: item_name=icmp_ping, item_id=53789
[2025-07-29 17:15:54] [zabbix-util.cpp->createItem()] Create item successfully: item_name=available_memory_in_percentage, item_id=53790
[2025-07-29 17:15:54] [zabbix-util.cpp->createItem()] Create item successfully: item_name=cpu_all_system_usage, item_id=53791
[2025-07-29 17:15:54] [zabbix-util.cpp->createItem()] Create item successfully: item_name=cpu_all_util_usage, item_id=53792
[2025-07-29 17:15:54] [zabbix-util.cpp->createItem()] Create item successfully: item_name=memory_utilization, item_id=53793
[2025-07-29 17:15:55] [zabbix-util.cpp->createItem()] Create item successfully: item_name=swap_usage, item_id=53794
[2025-07-29 17:15:55] [zabbix-util.cpp->createItem()] Create item successfully: item_name=check_ntp_timegap, item_id=53795
[2025-07-29 17:15:55] [zabbix-util.cpp->createItem()] Create item successfully: item_name=check_sys_cnt, item_id=53796
[2025-07-29 17:15:55] [zabbix-util.cpp->createItem()] Create item successfully: item_name=check_uptime, item_id=53797
[2025-07-29 17:15:55] [zabbix-util.cpp->createItem()] Create item successfully: item_name=check_agent_available, item_id=53798
[2025-07-29 17:15:56] [zabbix-util.cpp->deleteTemplate()] Delete template successfully: template_name=zabbix_test_template_1753784153, template_id=10754
[2025-07-29 17:15:56] [zabbix-util.cpp->createTemplate()] Create template successfully: template_name=zabbix_test_template_1753784156, template_id=10755
[2025-07-29 17:15:56] [zabbix-util.cpp->createItem()] Create item successfully: item_name=available_memory, item_id=53799
[2025-07-29 17:15:56] [zabbix-util.cpp->createItem()] Create item successfully: item_name=icmp_ping, item_id=53800
[2025-07-29 17:15:56] [zabbix-util.cpp->createItem()] Create item successfully: item_name=available_memory_in_percentage, item_id=53801
[2025-07-29 17:15:57] [zabbix-util.cpp->createItem()] Create item successfully: item_name=cpu_all_system_usage, item_id=53802
[2025-07-29 17:15:57] [zabbix-util.cpp->createItem()] Create item successfully: item_name=cpu_all_util_usage, item_id=53803
[2025-07-29 17:15:57] [zabbix-util.cpp->createItem()] Create item successfully: item_name=memory_utilization, item_id=53804
[2025-07-29 17:15:57] [zabbix-util.cpp->createItem()] Create item successfully: item_name=swap_usage, item_id=53805
[2025-07-29 17:15:57] [zabbix-util.cpp->createItem()] Create item successfully: item_name=check_ntp_timegap, item_id=53806
[2025-07-29 17:15:57] [zabbix-util.cpp->createItem()] Create item successfully: item_name=check_sys_cnt, item_id=53807
[2025-07-29 17:15:57] [zabbix-util.cpp->createItem()] Create item successfully: item_name=check_uptime, item_id=53808
[2025-07-29 17:15:58] [zabbix-util.cpp->createItem()] Create item successfully: item_name=check_agent_available, item_id=53809
[2025-07-29 17:15:58] Start create event: check_icmp_ping
[2025-07-29 17:15:58] [zabbix-util.cpp->createTrigger()] Create trigger successfully: trigger_name='', trigger_id=26104
[2025-07-29 17:15:58] Create event: check_icmp_ping successfully
[2025-07-29 17:15:58] Start create event: MEM@check_mem_pavailable
[2025-07-29 17:15:58] [zabbix-util.cpp->createTrigger()] Create trigger successfully: trigger_name='', trigger_id=26105
[2025-07-29 17:15:58] [zabbix-util.cpp->createTrigger()] Create trigger successfully: trigger_name='', trigger_id=26106
[2025-07-29 17:15:58] Create event: MEM@check_mem_pavailable successfully
[2025-07-29 17:15:58] Start create event: CPU_ALL@check_sys_usage
[2025-07-29 17:15:58] [zabbix-util.cpp->createTrigger()] Create trigger successfully: trigger_name='', trigger_id=26107
[2025-07-29 17:15:59] [zabbix-util.cpp->createTrigger()] Create trigger successfully: trigger_name='', trigger_id=26108
[2025-07-29 17:15:59] Create event: CPU_ALL@check_sys_usage successfully
[2025-07-29 17:15:59] Start create event: CPU_ALL@check_sys_usage
[2025-07-29 17:15:59] [zabbix-util.cpp->createTrigger()] Create trigger successfully: trigger_name='', trigger_id=26109
[2025-07-29 17:15:59] [zabbix-util.cpp->createTrigger()] Create trigger successfully: trigger_name='', trigger_id=26110
[2025-07-29 17:15:59] Create event: CPU_ALL@check_sys_usage successfully
[2025-07-29 17:15:59] Start create event: MEM@check_mem_available
[2025-07-29 17:15:59] [zabbix-util.cpp->createTrigger()] Create trigger successfully: trigger_name='', trigger_id=26111
[2025-07-29 17:15:59] [zabbix-util.cpp->createTrigger()] Create trigger successfully: trigger_name='', trigger_id=26112
[2025-07-29 17:15:59] Create event: MEM@check_mem_available successfully
[2025-07-29 17:15:59] Start create event: SWAPUSAGE@check_usage
[2025-07-29 17:15:59] [zabbix-util.cpp->createTrigger()] Create trigger successfully: trigger_name='', trigger_id=26113
[2025-07-29 17:16:00] [zabbix-util.cpp->createTrigger()] Create trigger successfully: trigger_name='', trigger_id=26114
[2025-07-29 17:16:00] Create event: SWAPUSAGE@check_usage successfully
[2025-07-29 17:16:00] Start create event: MXSC_NTP@check_ntp_timegap
[2025-07-29 17:16:00] [zabbix-util.cpp->createTrigger()] Create trigger successfully: trigger_name='', trigger_id=26115
[2025-07-29 17:16:00] Create event: MXSC_NTP@check_ntp_timegap successfully
[2025-07-29 17:16:00] Start create event: MXSC_SOCKET@check_sys_cnt
[2025-07-29 17:16:00] [zabbix-util.cpp->createTrigger()] Create trigger successfully: trigger_name='', trigger_id=26116
[2025-07-29 17:16:00] [zabbix-util.cpp->createTrigger()] Create trigger successfully: trigger_name='', trigger_id=26117
[2025-07-29 17:16:00] Create event: MXSC_SOCKET@check_sys_cnt successfully
[2025-07-29 17:16:00] Start create event: UPTIME@check_uptime_latest
[2025-07-29 17:16:00] [zabbix-util.cpp->createTrigger()] Create trigger successfully: trigger_name='', trigger_id=26118
[2025-07-29 17:16:00] Create event: UPTIME@check_uptime_latest successfully
[2025-07-29 17:16:00] Start create event: check_agent_available
[2025-07-29 17:16:00] [zabbix-util.cpp->createTrigger()] Create trigger successfully: trigger_name='', trigger_id=26119
[2025-07-29 17:16:00] Create event: check_agent_available successfully
[2025-07-29 17:16:01] [zabbix-util.cpp->deleteTemplate()] Delete template successfully: template_name=zabbix_test_template_1753784156, template_id=10755
[2025-07-29 17:16:01] [zabbix-util.cpp->getAllItemOfHost()] Get item of 10629 successfully. Number of item is: 7
[2025-07-29 17:16:01] [zabbix-util.cpp->getAllTriggerOfHost()] Get trigger of 10629 successfully. Number of trigger is: 10
[2025-07-29 17:16:01] [zabbix-util.cpp->updateItem()] Update item successfully: itemid=52733
[2025-07-29 17:16:01] Update item success: host_name=fake_dh.hung_Linux_host, host_ip=, item=available_memory
[2025-07-29 17:16:01] [zabbix-util.cpp->updateItem()] Update item successfully: itemid=52734
[2025-07-29 17:16:01] Update item success: host_name=fake_dh.hung_Linux_host, host_ip=, item=icmp_ping
[2025-07-29 17:16:01] [zabbix-util.cpp->updateItem()] Update item successfully: itemid=52735
[2025-07-29 17:16:01] Update item success: host_name=fake_dh.hung_Linux_host, host_ip=, item=available_memory_in_percentage
[2025-07-29 17:16:02] [zabbix-util.cpp->updateItem()] Update item successfully: itemid=52736
[2025-07-29 17:16:02] Update item success: host_name=fake_dh.hung_Linux_host, host_ip=, item=cpu_all_system_usage
[2025-07-29 17:16:02] [zabbix-util.cpp->updateItem()] Update item successfully: itemid=52737
[2025-07-29 17:16:02] Update item success: host_name=fake_dh.hung_Linux_host, host_ip=, item=cpu_all_util_usage
[2025-07-29 17:16:02] [zabbix-util.cpp->updateItem()] Update item successfully: itemid=52738
[2025-07-29 17:16:02] Update item success: host_name=fake_dh.hung_Linux_host, host_ip=, item=memory_utilization
[2025-07-29 17:16:02] [zabbix-util.cpp->updateItem()] Update item successfully: itemid=52739
[2025-07-29 17:16:02] Update item success: host_name=fake_dh.hung_Linux_host, host_ip=, item=swap_usage
[2025-07-29 17:16:02] [zabbix-util.cpp->createItem()] Create item successfully: item_name=check_ntp_timegap, item_id=53810
[2025-07-29 17:16:02] Create item success: host_name=fake_dh.hung_Linux_host, host_ip=, item=check_ntp_timegap
[2025-07-29 17:16:02] [zabbix-util.cpp->createItem()] Create item successfully: item_name=check_sys_cnt, item_id=53811
[2025-07-29 17:16:02] Create item success: host_name=fake_dh.hung_Linux_host, host_ip=, item=check_sys_cnt
[2025-07-29 17:16:03] [zabbix-util.cpp->createItem()] Create item successfully: item_name=check_uptime, item_id=53812
[2025-07-29 17:16:03] Create item success: host_name=fake_dh.hung_Linux_host, host_ip=, item=check_uptime
[2025-07-29 17:16:03] [zabbix-util.cpp->createItem()] Create item successfully: item_name=check_agent_available, item_id=53813
[2025-07-29 17:16:03] Create item success: host_name=fake_dh.hung_Linux_host, host_ip=, item=check_agent_available
[2025-07-29 17:16:03] Start create event: check_icmp_ping
[2025-07-29 17:16:03] [zabbix-util.cpp->createTrigger()] Create trigger successfully: trigger_name='', trigger_id=26120
[2025-07-29 17:16:03] Create event: check_icmp_ping successfully
[2025-07-29 17:16:03] [zabbix-util.cpp->deleteTrigger()] Delete trigger successfully: triggerid=25598
[2025-07-29 17:16:03] [zabbix-util.cpp->deleteTrigger()] Delete trigger successfully: triggerid=25599
[2025-07-29 17:16:03] [zabbix-util.cpp->createTrigger()] Create trigger successfully: trigger_name='', trigger_id=26121
[2025-07-29 17:16:03] [zabbix-util.cpp->createTrigger()] Create trigger successfully: trigger_name='', trigger_id=26122
[2025-07-29 17:16:03] [zabbix-util.cpp->deleteTrigger()] Delete trigger successfully: triggerid=25600
[2025-07-29 17:16:04] [zabbix-util.cpp->deleteTrigger()] Delete trigger successfully: triggerid=25601
[2025-07-29 17:16:04] [zabbix-util.cpp->createTrigger()] Create trigger successfully: trigger_name='', trigger_id=26123
[2025-07-29 17:16:04] [zabbix-util.cpp->createTrigger()] Create trigger successfully: trigger_name='', trigger_id=26124
[2025-07-29 17:16:04] [zabbix-util.cpp->deleteTrigger()] Delete trigger fail: triggerid='25600'
[2025-07-29 17:16:04] [zabbix-util.cpp->deleteTrigger()] Delete trigger fail: triggerid='25601'
[2025-07-29 17:16:04] [zabbix-util.cpp->createTrigger()] Create trigger successfully: trigger_name='', trigger_id=26125
[2025-07-29 17:16:05] [zabbix-util.cpp->createTrigger()] Create trigger successfully: trigger_name='', trigger_id=26126
[2025-07-29 17:16:05] [zabbix-util.cpp->deleteTrigger()] Delete trigger successfully: triggerid=25604
[2025-07-29 17:16:05] [zabbix-util.cpp->deleteTrigger()] Delete trigger successfully: triggerid=25605
[2025-07-29 17:16:05] [zabbix-util.cpp->createTrigger()] Create trigger successfully: trigger_name='', trigger_id=26127
[2025-07-29 17:16:05] [zabbix-util.cpp->createTrigger()] Create trigger successfully: trigger_name='', trigger_id=26128
[2025-07-29 17:16:05] [zabbix-util.cpp->deleteTrigger()] Delete trigger successfully: triggerid=25606
[2025-07-29 17:16:06] [zabbix-util.cpp->deleteTrigger()] Delete trigger successfully: triggerid=25607
[2025-07-29 17:16:06] [zabbix-util.cpp->createTrigger()] Create trigger successfully: trigger_name='', trigger_id=26129
[2025-07-29 17:16:06] [zabbix-util.cpp->createTrigger()] Create trigger successfully: trigger_name='', trigger_id=26130
[2025-07-29 17:16:06] Start create event: MXSC_NTP@check_ntp_timegap
[2025-07-29 17:16:06] [zabbix-util.cpp->createTrigger()] Create trigger successfully: trigger_name='', trigger_id=26131
[2025-07-29 17:16:06] Create event: MXSC_NTP@check_ntp_timegap successfully
[2025-07-29 17:16:06] Start create event: MXSC_SOCKET@check_sys_cnt
[2025-07-29 17:16:06] [zabbix-util.cpp->createTrigger()] Create trigger successfully: trigger_name='', trigger_id=26132
[2025-07-29 17:16:06] [zabbix-util.cpp->createTrigger()] Create trigger successfully: trigger_name='', trigger_id=26133
[2025-07-29 17:16:06] Create event: MXSC_SOCKET@check_sys_cnt successfully
[2025-07-29 17:16:06] Start create event: UPTIME@check_uptime_latest
[2025-07-29 17:16:07] [zabbix-util.cpp->createTrigger()] Create trigger successfully: trigger_name='', trigger_id=26134
[2025-07-29 17:16:07] Create event: UPTIME@check_uptime_latest successfully
[2025-07-29 17:16:07] Start create event: check_agent_available
[2025-07-29 17:16:07] [zabbix-util.cpp->createTrigger()] Create trigger successfully: trigger_name='', trigger_id=26135
[2025-07-29 17:16:07] Create event: check_agent_available successfully
[2025-07-29 17:16:07] [zabbix-util.cpp->getAllItemOfHost()] Get item of 10657 successfully. Number of item is: 7
[2025-07-29 17:16:07] [zabbix-util.cpp->getAllTriggerOfHost()] Get trigger of 10657 successfully. Number of trigger is: 10
[2025-07-29 17:16:07] [zabbix-util.cpp->updateItem()] Update item successfully: itemid=52740
[2025-07-29 17:16:07] Update item success: host_name=fake_dh.hung_Linux_host01, host_ip=, item=available_memory
[2025-07-29 17:16:08] [zabbix-util.cpp->updateItem()] Update item successfully: itemid=52741
[2025-07-29 17:16:08] Update item success: host_name=fake_dh.hung_Linux_host01, host_ip=, item=icmp_ping
[2025-07-29 17:16:08] [zabbix-util.cpp->updateItem()] Update item successfully: itemid=52742
[2025-07-29 17:16:08] Update item success: host_name=fake_dh.hung_Linux_host01, host_ip=, item=available_memory_in_percentage
[2025-07-29 17:16:08] [zabbix-util.cpp->updateItem()] Update item successfully: itemid=52743
[2025-07-29 17:16:08] Update item success: host_name=fake_dh.hung_Linux_host01, host_ip=, item=cpu_all_system_usage
[2025-07-29 17:16:08] [zabbix-util.cpp->updateItem()] Update item successfully: itemid=52744
[2025-07-29 17:16:08] Update item success: host_name=fake_dh.hung_Linux_host01, host_ip=, item=cpu_all_util_usage
[2025-07-29 17:16:08] [zabbix-util.cpp->updateItem()] Update item successfully: itemid=52745
[2025-07-29 17:16:08] Update item success: host_name=fake_dh.hung_Linux_host01, host_ip=, item=memory_utilization
[2025-07-29 17:16:08] [zabbix-util.cpp->updateItem()] Update item successfully: itemid=52746
[2025-07-29 17:16:08] Update item success: host_name=fake_dh.hung_Linux_host01, host_ip=, item=swap_usage
[2025-07-29 17:16:08] [zabbix-util.cpp->createItem()] Create item successfully: item_name=check_ntp_timegap, item_id=53814
[2025-07-29 17:16:08] Create item success: host_name=fake_dh.hung_Linux_host01, host_ip=, item=check_ntp_timegap
[2025-07-29 17:16:09] [zabbix-util.cpp->createItem()] Create item successfully: item_name=check_sys_cnt, item_id=53815
[2025-07-29 17:16:09] Create item success: host_name=fake_dh.hung_Linux_host01, host_ip=, item=check_sys_cnt
[2025-07-29 17:16:09] [zabbix-util.cpp->createItem()] Create item successfully: item_name=check_uptime, item_id=53816
[2025-07-29 17:16:09] Create item success: host_name=fake_dh.hung_Linux_host01, host_ip=, item=check_uptime
[2025-07-29 17:16:09] [zabbix-util.cpp->createItem()] Create item successfully: item_name=check_agent_available, item_id=53817
[2025-07-29 17:16:09] Create item success: host_name=fake_dh.hung_Linux_host01, host_ip=, item=check_agent_available
[2025-07-29 17:16:09] Start create event: check_icmp_ping
[2025-07-29 17:16:09] [zabbix-util.cpp->createTrigger()] Create trigger successfully: trigger_name='', trigger_id=26136
[2025-07-29 17:16:09] Create event: check_icmp_ping successfully
[2025-07-29 17:16:09] [zabbix-util.cpp->deleteTrigger()] Delete trigger successfully: triggerid=25608
[2025-07-29 17:16:09] [zabbix-util.cpp->deleteTrigger()] Delete trigger successfully: triggerid=25609
[2025-07-29 17:16:10] [zabbix-util.cpp->createTrigger()] Create trigger successfully: trigger_name='', trigger_id=26137
[2025-07-29 17:16:10] [zabbix-util.cpp->createTrigger()] Create trigger successfully: trigger_name='', trigger_id=26138
[2025-07-29 17:16:10] [zabbix-util.cpp->deleteTrigger()] Delete trigger successfully: triggerid=25610
[2025-07-29 17:16:10] [zabbix-util.cpp->deleteTrigger()] Delete trigger successfully: triggerid=25611
[2025-07-29 17:16:10] [zabbix-util.cpp->createTrigger()] Create trigger successfully: trigger_name='', trigger_id=26139
[2025-07-29 17:16:10] [zabbix-util.cpp->createTrigger()] Create trigger successfully: trigger_name='', trigger_id=26140
[2025-07-29 17:16:10] [zabbix-util.cpp->deleteTrigger()] Delete trigger fail: triggerid='25610'
[2025-07-29 17:16:10] [zabbix-util.cpp->deleteTrigger()] Delete trigger fail: triggerid='25611'
[2025-07-29 17:16:11] [zabbix-util.cpp->createTrigger()] Create trigger successfully: trigger_name='', trigger_id=26141
[2025-07-29 17:16:11] [zabbix-util.cpp->createTrigger()] Create trigger successfully: trigger_name='', trigger_id=26142
[2025-07-29 17:16:11] [zabbix-util.cpp->deleteTrigger()] Delete trigger successfully: triggerid=25614
[2025-07-29 17:16:11] [zabbix-util.cpp->deleteTrigger()] Delete trigger successfully: triggerid=25615
[2025-07-29 17:16:11] [zabbix-util.cpp->createTrigger()] Create trigger successfully: trigger_name='', trigger_id=26143
[2025-07-29 17:16:12] [zabbix-util.cpp->createTrigger()] Create trigger successfully: trigger_name='', trigger_id=26144
[2025-07-29 17:16:12] [zabbix-util.cpp->deleteTrigger()] Delete trigger successfully: triggerid=25616
[2025-07-29 17:16:12] [zabbix-util.cpp->deleteTrigger()] Delete trigger successfully: triggerid=25617
[2025-07-29 17:16:12] [zabbix-util.cpp->createTrigger()] Create trigger successfully: trigger_name='', trigger_id=26145
[2025-07-29 17:16:12] [zabbix-util.cpp->createTrigger()] Create trigger successfully: trigger_name='', trigger_id=26146
[2025-07-29 17:16:12] Start create event: MXSC_NTP@check_ntp_timegap
[2025-07-29 17:16:12] [zabbix-util.cpp->createTrigger()] Create trigger successfully: trigger_name='', trigger_id=26147
[2025-07-29 17:16:12] Create event: MXSC_NTP@check_ntp_timegap successfully
[2025-07-29 17:16:12] Start create event: MXSC_SOCKET@check_sys_cnt
[2025-07-29 17:16:13] [zabbix-util.cpp->createTrigger()] Create trigger successfully: trigger_name='', trigger_id=26148
[2025-07-29 17:16:13] [zabbix-util.cpp->createTrigger()] Create trigger successfully: trigger_name='', trigger_id=26149
[2025-07-29 17:16:13] Create event: MXSC_SOCKET@check_sys_cnt successfully
[2025-07-29 17:16:13] Start create event: UPTIME@check_uptime_latest
[2025-07-29 17:16:13] [zabbix-util.cpp->createTrigger()] Create trigger successfully: trigger_name='', trigger_id=26150
[2025-07-29 17:16:13] Create event: UPTIME@check_uptime_latest successfully
[2025-07-29 17:16:13] Start create event: check_agent_available
[2025-07-29 17:16:13] [zabbix-util.cpp->createTrigger()] Create trigger successfully: trigger_name='', trigger_id=26151
[2025-07-29 17:16:13] Create event: check_agent_available successfully
[2025-07-29 17:16:13] [zabbix-util.cpp->getAllItemOfHost()] Get item of 10670 successfully. Number of item is: 7
[2025-07-29 17:16:14] [zabbix-util.cpp->getAllTriggerOfHost()] Get trigger of 10670 successfully. Number of trigger is: 10
[2025-07-29 17:16:14] [zabbix-util.cpp->updateItem()] Update item successfully: itemid=52747
[2025-07-29 17:16:14] Update item success: host_name=fake_dh.hung_Linux_host02, host_ip=, item=available_memory
[2025-07-29 17:16:14] [zabbix-util.cpp->updateItem()] Update item successfully: itemid=52748
[2025-07-29 17:16:14] Update item success: host_name=fake_dh.hung_Linux_host02, host_ip=, item=icmp_ping
[2025-07-29 17:16:14] [zabbix-util.cpp->updateItem()] Update item successfully: itemid=52749
[2025-07-29 17:16:14] Update item success: host_name=fake_dh.hung_Linux_host02, host_ip=, item=available_memory_in_percentage
[2025-07-29 17:16:14] [zabbix-util.cpp->updateItem()] Update item successfully: itemid=52750
[2025-07-29 17:16:14] Update item success: host_name=fake_dh.hung_Linux_host02, host_ip=, item=cpu_all_system_usage
[2025-07-29 17:16:14] [zabbix-util.cpp->updateItem()] Update item successfully: itemid=52751
[2025-07-29 17:16:14] Update item success: host_name=fake_dh.hung_Linux_host02, host_ip=, item=cpu_all_util_usage
[2025-07-29 17:16:14] [zabbix-util.cpp->updateItem()] Update item successfully: itemid=52752
[2025-07-29 17:16:14] Update item success: host_name=fake_dh.hung_Linux_host02, host_ip=, item=memory_utilization
[2025-07-29 17:16:15] [zabbix-util.cpp->updateItem()] Update item successfully: itemid=52753
[2025-07-29 17:16:15] Update item success: host_name=fake_dh.hung_Linux_host02, host_ip=, item=swap_usage
[2025-07-29 17:16:15] [zabbix-util.cpp->createItem()] Create item successfully: item_name=check_ntp_timegap, item_id=53818
[2025-07-29 17:16:15] Create item success: host_name=fake_dh.hung_Linux_host02, host_ip=, item=check_ntp_timegap
[2025-07-29 17:16:15] [zabbix-util.cpp->createItem()] Create item successfully: item_name=check_sys_cnt, item_id=53819
[2025-07-29 17:16:15] Create item success: host_name=fake_dh.hung_Linux_host02, host_ip=, item=check_sys_cnt
[2025-07-29 17:16:15] [zabbix-util.cpp->createItem()] Create item successfully: item_name=check_uptime, item_id=53820
[2025-07-29 17:16:15] Create item success: host_name=fake_dh.hung_Linux_host02, host_ip=, item=check_uptime
[2025-07-29 17:16:15] [zabbix-util.cpp->createItem()] Create item successfully: item_name=check_agent_available, item_id=53821
[2025-07-29 17:16:15] Create item success: host_name=fake_dh.hung_Linux_host02, host_ip=, item=check_agent_available
[2025-07-29 17:16:15] Start create event: check_icmp_ping
[2025-07-29 17:16:15] [zabbix-util.cpp->createTrigger()] Create trigger successfully: trigger_name='', trigger_id=26152
[2025-07-29 17:16:15] Create event: check_icmp_ping successfully
[2025-07-29 17:16:16] [zabbix-util.cpp->deleteTrigger()] Delete trigger successfully: triggerid=25618
[2025-07-29 17:16:16] [zabbix-util.cpp->deleteTrigger()] Delete trigger successfully: triggerid=25619
[2025-07-29 17:16:16] [zabbix-util.cpp->createTrigger()] Create trigger successfully: trigger_name='', trigger_id=26153
[2025-07-29 17:16:16] [zabbix-util.cpp->createTrigger()] Create trigger successfully: trigger_name='', trigger_id=26154
[2025-07-29 17:16:16] [zabbix-util.cpp->deleteTrigger()] Delete trigger successfully: triggerid=25620
[2025-07-29 17:16:16] [zabbix-util.cpp->deleteTrigger()] Delete trigger successfully: triggerid=25621
[2025-07-29 17:16:17] [zabbix-util.cpp->createTrigger()] Create trigger successfully: trigger_name='', trigger_id=26155
[2025-07-29 17:16:17] [zabbix-util.cpp->createTrigger()] Create trigger successfully: trigger_name='', trigger_id=26156
[2025-07-29 17:16:17] [zabbix-util.cpp->deleteTrigger()] Delete trigger fail: triggerid='25620'
[2025-07-29 17:16:17] [zabbix-util.cpp->deleteTrigger()] Delete trigger fail: triggerid='25621'
[2025-07-29 17:16:17] [zabbix-util.cpp->createTrigger()] Create trigger successfully: trigger_name='', trigger_id=26157
[2025-07-29 17:16:17] [zabbix-util.cpp->createTrigger()] Create trigger successfully: trigger_name='', trigger_id=26158
[2025-07-29 17:16:18] [zabbix-util.cpp->deleteTrigger()] Delete trigger successfully: triggerid=25624
[2025-07-29 17:16:18] [zabbix-util.cpp->deleteTrigger()] Delete trigger successfully: triggerid=25625
[2025-07-29 17:16:18] [zabbix-util.cpp->createTrigger()] Create trigger successfully: trigger_name='', trigger_id=26159
[2025-07-29 17:16:18] [zabbix-util.cpp->createTrigger()] Create trigger successfully: trigger_name='', trigger_id=26160
[2025-07-29 17:16:18] [zabbix-util.cpp->deleteTrigger()] Delete trigger successfully: triggerid=25626
[2025-07-29 17:16:18] [zabbix-util.cpp->deleteTrigger()] Delete trigger successfully: triggerid=25627
[2025-07-29 17:16:19] [zabbix-util.cpp->createTrigger()] Create trigger successfully: trigger_name='', trigger_id=26161
[2025-07-29 17:16:19] [zabbix-util.cpp->createTrigger()] Create trigger successfully: trigger_name='', trigger_id=26162
[2025-07-29 17:16:19] Start create event: MXSC_NTP@check_ntp_timegap
[2025-07-29 17:16:19] [zabbix-util.cpp->createTrigger()] Create trigger successfully: trigger_name='', trigger_id=26163
[2025-07-29 17:16:19] Create event: MXSC_NTP@check_ntp_timegap successfully
[2025-07-29 17:16:19] Start create event: MXSC_SOCKET@check_sys_cnt
[2025-07-29 17:16:19] [zabbix-util.cpp->createTrigger()] Create trigger successfully: trigger_name='', trigger_id=26164
[2025-07-29 17:16:19] [zabbix-util.cpp->createTrigger()] Create trigger successfully: trigger_name='', trigger_id=26165
[2025-07-29 17:16:19] Create event: MXSC_SOCKET@check_sys_cnt successfully
[2025-07-29 17:16:19] Start create event: UPTIME@check_uptime_latest
[2025-07-29 17:16:19] [zabbix-util.cpp->createTrigger()] Create trigger successfully: trigger_name='', trigger_id=26166
[2025-07-29 17:16:19] Create event: UPTIME@check_uptime_latest successfully
[2025-07-29 17:16:19] Start create event: check_agent_available
[2025-07-29 17:16:19] [zabbix-util.cpp->createTrigger()] Create trigger successfully: trigger_name='', trigger_id=26167
[2025-07-29 17:16:19] Create event: check_agent_available successfully
[2025-07-29 17:16:20] [zabbix-util.cpp->getAllItemOfHost()] Get item of 10658 successfully. Number of item is: 7
[2025-07-29 17:16:20] [zabbix-util.cpp->getAllTriggerOfHost()] Get trigger of 10658 successfully. Number of trigger is: 10
[2025-07-29 17:16:20] [zabbix-util.cpp->updateItem()] Update item successfully: itemid=52754
[2025-07-29 17:16:20] Update item success: host_name=fake_dh.hung_Linux_host03, host_ip=, item=available_memory
[2025-07-29 17:16:20] [zabbix-util.cpp->updateItem()] Update item successfully: itemid=52755
[2025-07-29 17:16:20] Update item success: host_name=fake_dh.hung_Linux_host03, host_ip=, item=icmp_ping
[2025-07-29 17:16:20] [zabbix-util.cpp->updateItem()] Update item successfully: itemid=52756
[2025-07-29 17:16:20] Update item success: host_name=fake_dh.hung_Linux_host03, host_ip=, item=available_memory_in_percentage
[2025-07-29 17:16:21] [zabbix-util.cpp->updateItem()] Update item successfully: itemid=52757
[2025-07-29 17:16:21] Update item success: host_name=fake_dh.hung_Linux_host03, host_ip=, item=cpu_all_system_usage
[2025-07-29 17:16:21] [zabbix-util.cpp->updateItem()] Update item successfully: itemid=52758
[2025-07-29 17:16:21] Update item success: host_name=fake_dh.hung_Linux_host03, host_ip=, item=cpu_all_util_usage
[2025-07-29 17:16:21] [zabbix-util.cpp->updateItem()] Update item successfully: itemid=52759
[2025-07-29 17:16:21] Update item success: host_name=fake_dh.hung_Linux_host03, host_ip=, item=memory_utilization
[2025-07-29 17:16:21] [zabbix-util.cpp->updateItem()] Update item successfully: itemid=52760
[2025-07-29 17:16:21] Update item success: host_name=fake_dh.hung_Linux_host03, host_ip=, item=swap_usage
[2025-07-29 17:16:21] [zabbix-util.cpp->createItem()] Create item successfully: item_name=check_ntp_timegap, item_id=53822
[2025-07-29 17:16:21] Create item success: host_name=fake_dh.hung_Linux_host03, host_ip=, item=check_ntp_timegap
[2025-07-29 17:16:21] [zabbix-util.cpp->createItem()] Create item successfully: item_name=check_sys_cnt, item_id=53823
[2025-07-29 17:16:21] Create item success: host_name=fake_dh.hung_Linux_host03, host_ip=, item=check_sys_cnt
[2025-07-29 17:16:22] [zabbix-util.cpp->createItem()] Create item successfully: item_name=check_uptime, item_id=53824
[2025-07-29 17:16:22] Create item success: host_name=fake_dh.hung_Linux_host03, host_ip=, item=check_uptime
[2025-07-29 17:16:22] [zabbix-util.cpp->createItem()] Create item successfully: item_name=check_agent_available, item_id=53825
[2025-07-29 17:16:22] Create item success: host_name=fake_dh.hung_Linux_host03, host_ip=, item=check_agent_available
[2025-07-29 17:16:22] Start create event: check_icmp_ping
[2025-07-29 17:16:22] [zabbix-util.cpp->createTrigger()] Create trigger successfully: trigger_name='', trigger_id=26168
[2025-07-29 17:16:22] Create event: check_icmp_ping successfully
[2025-07-29 17:16:22] [zabbix-util.cpp->deleteTrigger()] Delete trigger successfully: triggerid=25628
[2025-07-29 17:16:22] [zabbix-util.cpp->deleteTrigger()] Delete trigger successfully: triggerid=25629
[2025-07-29 17:16:22] [zabbix-util.cpp->createTrigger()] Create trigger successfully: trigger_name='', trigger_id=26169
[2025-07-29 17:16:23] [zabbix-util.cpp->createTrigger()] Create trigger successfully: trigger_name='', trigger_id=26170
[2025-07-29 17:16:23] [zabbix-util.cpp->deleteTrigger()] Delete trigger successfully: triggerid=25630
[2025-07-29 17:16:23] [zabbix-util.cpp->deleteTrigger()] Delete trigger successfully: triggerid=25631
[2025-07-29 17:16:23] [zabbix-util.cpp->createTrigger()] Create trigger successfully: trigger_name='', trigger_id=26171
[2025-07-29 17:16:23] [zabbix-util.cpp->createTrigger()] Create trigger successfully: trigger_name='', trigger_id=26172
[2025-07-29 17:16:23] [zabbix-util.cpp->deleteTrigger()] Delete trigger fail: triggerid='25630'
[2025-07-29 17:16:24] [zabbix-util.cpp->deleteTrigger()] Delete trigger fail: triggerid='25631'
[2025-07-29 17:16:24] [zabbix-util.cpp->createTrigger()] Create trigger successfully: trigger_name='', trigger_id=26173
[2025-07-29 17:16:24] [zabbix-util.cpp->createTrigger()] Create trigger successfully: trigger_name='', trigger_id=26174
[2025-07-29 17:16:24] [zabbix-util.cpp->deleteTrigger()] Delete trigger successfully: triggerid=25634
[2025-07-29 17:16:24] [zabbix-util.cpp->deleteTrigger()] Delete trigger successfully: triggerid=25635
[2025-07-29 17:16:24] [zabbix-util.cpp->createTrigger()] Create trigger successfully: trigger_name='', trigger_id=26175
[2025-07-29 17:16:25] [zabbix-util.cpp->createTrigger()] Create trigger successfully: trigger_name='', trigger_id=26176
[2025-07-29 17:16:25] [zabbix-util.cpp->deleteTrigger()] Delete trigger successfully: triggerid=25636
[2025-07-29 17:16:25] [zabbix-util.cpp->deleteTrigger()] Delete trigger successfully: triggerid=25637
[2025-07-29 17:16:25] [zabbix-util.cpp->createTrigger()] Create trigger successfully: trigger_name='', trigger_id=26177
[2025-07-29 17:16:25] [zabbix-util.cpp->createTrigger()] Create trigger successfully: trigger_name='', trigger_id=26178
[2025-07-29 17:16:25] Start create event: MXSC_NTP@check_ntp_timegap
[2025-07-29 17:16:25] [zabbix-util.cpp->createTrigger()] Create trigger successfully: trigger_name='', trigger_id=26179
[2025-07-29 17:16:25] Create event: MXSC_NTP@check_ntp_timegap successfully
[2025-07-29 17:16:25] Start create event: MXSC_SOCKET@check_sys_cnt
[2025-07-29 17:16:25] [zabbix-util.cpp->createTrigger()] Create trigger successfully: trigger_name='', trigger_id=26180
[2025-07-29 17:16:26] [zabbix-util.cpp->createTrigger()] Create trigger successfully: trigger_name='', trigger_id=26181
[2025-07-29 17:16:26] Create event: MXSC_SOCKET@check_sys_cnt successfully
[2025-07-29 17:16:26] Start create event: UPTIME@check_uptime_latest
[2025-07-29 17:16:26] [zabbix-util.cpp->createTrigger()] Create trigger successfully: trigger_name='', trigger_id=26182
[2025-07-29 17:16:26] Create event: UPTIME@check_uptime_latest successfully
[2025-07-29 17:16:26] Start create event: check_agent_available
[2025-07-29 17:16:26] [zabbix-util.cpp->createTrigger()] Create trigger successfully: trigger_name='', trigger_id=26183
[2025-07-29 17:16:26] Create event: check_agent_available successfully
[2025-07-29 17:21:25] [zabbix-util.cpp->getHost()]Get host successfully: host_name=fake_dh.hung_Linux_host
[2025-07-29 17:21:25] [zabbix-util.cpp->findHost()] Found host with: host_name=fake_dh.hung_Linux_host, ip_addr=127.0.0.1 and host_id=10629
[2025-07-29 17:21:25] [zabbix-util.cpp->getHost()]Get host successfully: host_name=fake_dh.hung_Linux_host01
[2025-07-29 17:21:25] [zabbix-util.cpp->findHost()] Found host with: host_name=fake_dh.hung_Linux_host01, ip_addr=128.123.100.12 and host_id=10657
[2025-07-29 17:21:25] [zabbix-util.cpp->getHost()]Get host successfully: host_name=fake_dh.hung_Linux_host02
[2025-07-29 17:21:25] [zabbix-util.cpp->findHost()] Found host with: host_name=fake_dh.hung_Linux_host02, ip_addr=100.0.10.12 and host_id=10670
[2025-07-29 17:21:26] [zabbix-util.cpp->getHost()]Get host successfully: host_name=fake_dh.hung_Linux_host03
[2025-07-29 17:21:26] [zabbix-util.cpp->findHost()] Found host with: host_name=fake_dh.hung_Linux_host03, ip_addr=172.184.112.224 and host_id=10658
[2025-07-29 17:21:26] [zabbix-util.cpp->createTemplate()] Create template successfully: template_name=zabbix_test_template_1753784486, template_id=10756
[2025-07-29 17:21:26] [zabbix-util.cpp->createItem()] Create item successfully: item_name=available_memory, item_id=53826
[2025-07-29 17:21:26] [zabbix-util.cpp->createItem()] Create item successfully: item_name=icmp_ping, item_id=53827
[2025-07-29 17:21:26] [zabbix-util.cpp->createItem()] Create item successfully: item_name=available_memory_in_percentage, item_id=53828
[2025-07-29 17:21:26] [zabbix-util.cpp->createItem()] Create item successfully: item_name=cpu_all_system_usage, item_id=53829
[2025-07-29 17:21:27] [zabbix-util.cpp->createItem()] Create item successfully: item_name=cpu_all_usage, item_id=53830
[2025-07-29 17:21:27] [zabbix-util.cpp->createItem()] Create item successfully: item_name=memory_utilization, item_id=53831
[2025-07-29 17:21:27] [zabbix-util.cpp->createItem()] Create item successfully: item_name=swap_usage, item_id=53832
[2025-07-29 17:21:27] [zabbix-util.cpp->createItem()] Create item successfully: item_name=check_ntp_timegap, item_id=53833
[2025-07-29 17:21:27] [zabbix-util.cpp->createItem()] Create item successfully: item_name=check_sys_cnt, item_id=53834
[2025-07-29 17:21:27] [zabbix-util.cpp->createItem()] Create item successfully: item_name=check_uptime, item_id=53835
[2025-07-29 17:21:28] [zabbix-util.cpp->createItem()] Create item successfully: item_name=check_agent_available, item_id=53836
[2025-07-29 17:21:28] [zabbix-util.cpp->deleteTemplate()] Delete template successfully: template_name=zabbix_test_template_1753784486, template_id=10756
[2025-07-29 17:21:28] [zabbix-util.cpp->createTemplate()] Create template successfully: template_name=zabbix_test_template_1753784488, template_id=10757
[2025-07-29 17:21:28] [zabbix-util.cpp->createItem()] Create item successfully: item_name=available_memory, item_id=53837
[2025-07-29 17:21:29] [zabbix-util.cpp->createItem()] Create item successfully: item_name=icmp_ping, item_id=53838
[2025-07-29 17:21:29] [zabbix-util.cpp->createItem()] Create item successfully: item_name=available_memory_in_percentage, item_id=53839
[2025-07-29 17:21:29] [zabbix-util.cpp->createItem()] Create item successfully: item_name=cpu_all_system_usage, item_id=53840
[2025-07-29 17:21:29] [zabbix-util.cpp->createItem()] Create item successfully: item_name=cpu_all_usage, item_id=53841
[2025-07-29 17:21:29] [zabbix-util.cpp->createItem()] Create item successfully: item_name=memory_utilization, item_id=53842
[2025-07-29 17:21:29] [zabbix-util.cpp->createItem()] Create item successfully: item_name=swap_usage, item_id=53843
[2025-07-29 17:21:30] [zabbix-util.cpp->createItem()] Create item successfully: item_name=check_ntp_timegap, item_id=53844
[2025-07-29 17:21:30] [zabbix-util.cpp->createItem()] Create item successfully: item_name=check_sys_cnt, item_id=53845
[2025-07-29 17:21:30] [zabbix-util.cpp->createItem()] Create item successfully: item_name=check_uptime, item_id=53846
[2025-07-29 17:21:30] [zabbix-util.cpp->createItem()] Create item successfully: item_name=check_agent_available, item_id=53847
[2025-07-29 17:21:30] Start create event: check_icmp_ping
[2025-07-29 17:21:30] [zabbix-util.cpp->createTrigger()] Create trigger successfully: trigger_name='', trigger_id=26184
[2025-07-29 17:21:30] Create event: check_icmp_ping successfully
[2025-07-29 17:21:30] Start create event: MEM@check_mem_pavailable
[2025-07-29 17:21:30] [zabbix-util.cpp->createTrigger()] Create trigger successfully: trigger_name='', trigger_id=26185
[2025-07-29 17:21:31] [zabbix-util.cpp->createTrigger()] Create trigger successfully: trigger_name='', trigger_id=26186
[2025-07-29 17:21:31] Create event: MEM@check_mem_pavailable successfully
[2025-07-29 17:21:31] Start create event: CPU_ALL@check_sys_usage
[2025-07-29 17:21:31] [zabbix-util.cpp->createTrigger()] Create trigger successfully: trigger_name='', trigger_id=26187
[2025-07-29 17:21:31] [zabbix-util.cpp->createTrigger()] Create trigger successfully: trigger_name='', trigger_id=26188
[2025-07-29 17:21:31] Create event: CPU_ALL@check_sys_usage successfully
[2025-07-29 17:21:31] Start create event: CPU_ALL@check_cpu_usage
[2025-07-29 17:21:31] [zabbix-util.cpp->createTrigger()] Create trigger successfully: trigger_name='', trigger_id=26189
[2025-07-29 17:21:31] [zabbix-util.cpp->createTrigger()] Create trigger successfully: trigger_name='', trigger_id=26190
[2025-07-29 17:21:31] Create event: CPU_ALL@check_cpu_usage successfully
[2025-07-29 17:21:31] Start create event: MEM@check_mem_available
[2025-07-29 17:21:31] [zabbix-util.cpp->createTrigger()] Create trigger successfully: trigger_name='', trigger_id=26191
[2025-07-29 17:21:32] [zabbix-util.cpp->createTrigger()] Create trigger successfully: trigger_name='', trigger_id=26192
[2025-07-29 17:21:32] Create event: MEM@check_mem_available successfully
[2025-07-29 17:21:32] Start create event: SWAPUSAGE@check_usage
[2025-07-29 17:21:32] [zabbix-util.cpp->createTrigger()] Create trigger successfully: trigger_name='', trigger_id=26193
[2025-07-29 17:21:32] [zabbix-util.cpp->createTrigger()] Create trigger successfully: trigger_name='', trigger_id=26194
[2025-07-29 17:21:32] Create event: SWAPUSAGE@check_usage successfully
[2025-07-29 17:21:32] Start create event: MXSC_NTP@check_ntp_timegap
[2025-07-29 17:21:32] [zabbix-util.cpp->createTrigger()] Create trigger successfully: trigger_name='', trigger_id=26195
[2025-07-29 17:21:32] Create event: MXSC_NTP@check_ntp_timegap successfully
[2025-07-29 17:21:32] Start create event: MXSC_SOCKET@check_sys_cnt
[2025-07-29 17:21:32] [zabbix-util.cpp->createTrigger()] Create trigger successfully: trigger_name='', trigger_id=26196
[2025-07-29 17:21:33] [zabbix-util.cpp->createTrigger()] Create trigger successfully: trigger_name='', trigger_id=26197
[2025-07-29 17:21:33] Create event: MXSC_SOCKET@check_sys_cnt successfully
[2025-07-29 17:21:33] Start create event: UPTIME@check_uptime_latest
[2025-07-29 17:21:33] [zabbix-util.cpp->createTrigger()] Create trigger successfully: trigger_name='', trigger_id=26198
[2025-07-29 17:21:33] Create event: UPTIME@check_uptime_latest successfully
[2025-07-29 17:21:33] Start create event: check_agent_available
[2025-07-29 17:21:33] [zabbix-util.cpp->createTrigger()] Create trigger successfully: trigger_name='', trigger_id=26199
[2025-07-29 17:21:33] Create event: check_agent_available successfully
[2025-07-29 17:21:33] [zabbix-util.cpp->deleteTemplate()] Delete template successfully: template_name=zabbix_test_template_1753784488, template_id=10757
[2025-07-29 17:21:33] [zabbix-util.cpp->getAllItemOfHost()] Get item of 10629 successfully. Number of item is: 11
[2025-07-29 17:21:33] [zabbix-util.cpp->getAllTriggerOfHost()] Get trigger of 10629 successfully. Number of trigger is: 18
[2025-07-29 17:21:34] [zabbix-util.cpp->updateItem()] Update item successfully: itemid=52733
[2025-07-29 17:21:34] Update item success: host_name=fake_dh.hung_Linux_host, host_ip=, item=available_memory
[2025-07-29 17:21:34] [zabbix-util.cpp->updateItem()] Update item successfully: itemid=52734
[2025-07-29 17:21:34] Update item success: host_name=fake_dh.hung_Linux_host, host_ip=, item=icmp_ping
[2025-07-29 17:21:34] [zabbix-util.cpp->updateItem()] Update item successfully: itemid=52735
[2025-07-29 17:21:34] Update item success: host_name=fake_dh.hung_Linux_host, host_ip=, item=available_memory_in_percentage
[2025-07-29 17:21:34] [zabbix-util.cpp->updateItem()] Update item successfully: itemid=52736
[2025-07-29 17:21:34] Update item success: host_name=fake_dh.hung_Linux_host, host_ip=, item=cpu_all_system_usage
[2025-07-29 17:21:34] [zabbix-util.cpp->updateItem()] Update item successfully: itemid=52737
[2025-07-29 17:21:34] Update item success: host_name=fake_dh.hung_Linux_host, host_ip=, item=cpu_all_usage
[2025-07-29 17:21:34] [zabbix-util.cpp->updateItem()] Update item successfully: itemid=52738
[2025-07-29 17:21:34] Update item success: host_name=fake_dh.hung_Linux_host, host_ip=, item=memory_utilization
[2025-07-29 17:21:35] [zabbix-util.cpp->updateItem()] Update item successfully: itemid=52739
[2025-07-29 17:21:35] Update item success: host_name=fake_dh.hung_Linux_host, host_ip=, item=swap_usage
[2025-07-29 17:21:35] [zabbix-util.cpp->updateItem()] Update item successfully: itemid=53810
[2025-07-29 17:21:35] Update item success: host_name=fake_dh.hung_Linux_host, host_ip=, item=check_ntp_timegap
[2025-07-29 17:21:35] [zabbix-util.cpp->updateItem()] Update item successfully: itemid=53811
[2025-07-29 17:21:35] Update item success: host_name=fake_dh.hung_Linux_host, host_ip=, item=check_sys_cnt
[2025-07-29 17:21:35] [zabbix-util.cpp->updateItem()] Update item successfully: itemid=53812
[2025-07-29 17:21:35] Update item success: host_name=fake_dh.hung_Linux_host, host_ip=, item=check_uptime
[2025-07-29 17:21:35] [zabbix-util.cpp->updateItem()] Update item successfully: itemid=53813
[2025-07-29 17:21:35] Update item success: host_name=fake_dh.hung_Linux_host, host_ip=, item=check_agent_available
[2025-07-29 17:21:35] [zabbix-util.cpp->deleteTrigger()] Delete trigger successfully: triggerid=26120
[2025-07-29 17:21:36] [zabbix-util.cpp->createTrigger()] Create trigger successfully: trigger_name='', trigger_id=26200
[2025-07-29 17:21:36] [zabbix-util.cpp->deleteTrigger()] Delete trigger successfully: triggerid=26121
[2025-07-29 17:21:36] [zabbix-util.cpp->deleteTrigger()] Delete trigger successfully: triggerid=26122
[2025-07-29 17:21:36] [zabbix-util.cpp->createTrigger()] Create trigger successfully: trigger_name='', trigger_id=26201
[2025-07-29 17:21:36] [zabbix-util.cpp->createTrigger()] Create trigger successfully: trigger_name='', trigger_id=26202
[2025-07-29 17:21:36] [zabbix-util.cpp->deleteTrigger()] Delete trigger successfully: triggerid=26123
[2025-07-29 17:21:37] [zabbix-util.cpp->deleteTrigger()] Delete trigger successfully: triggerid=26124
[2025-07-29 17:21:37] [zabbix-util.cpp->deleteTrigger()] Delete trigger successfully: triggerid=26125
[2025-07-29 17:21:37] [zabbix-util.cpp->deleteTrigger()] Delete trigger successfully: triggerid=26126
[2025-07-29 17:21:37] [zabbix-util.cpp->createTrigger()] Create trigger successfully: trigger_name='', trigger_id=26203
[2025-07-29 17:21:37] [zabbix-util.cpp->createTrigger()] Create trigger successfully: trigger_name='', trigger_id=26204
[2025-07-29 17:21:37] Start create event: CPU_ALL@check_cpu_usage
[2025-07-29 17:21:37] [zabbix-util.cpp->createTrigger()] Create trigger successfully: trigger_name='', trigger_id=26205
[2025-07-29 17:21:38] [zabbix-util.cpp->createTrigger()] Create trigger successfully: trigger_name='', trigger_id=26206
[2025-07-29 17:21:38] Create event: CPU_ALL@check_cpu_usage successfully
[2025-07-29 17:21:38] [zabbix-util.cpp->deleteTrigger()] Delete trigger successfully: triggerid=26127
[2025-07-29 17:21:38] [zabbix-util.cpp->deleteTrigger()] Delete trigger successfully: triggerid=26128
[2025-07-29 17:21:38] [zabbix-util.cpp->createTrigger()] Create trigger successfully: trigger_name='', trigger_id=26207
[2025-07-29 17:21:38] [zabbix-util.cpp->createTrigger()] Create trigger successfully: trigger_name='', trigger_id=26208
[2025-07-29 17:21:38] [zabbix-util.cpp->deleteTrigger()] Delete trigger successfully: triggerid=26129
[2025-07-29 17:21:38] [zabbix-util.cpp->deleteTrigger()] Delete trigger successfully: triggerid=26130
[2025-07-29 17:21:39] [zabbix-util.cpp->createTrigger()] Create trigger successfully: trigger_name='', trigger_id=26209
[2025-07-29 17:21:39] [zabbix-util.cpp->createTrigger()] Create trigger successfully: trigger_name='', trigger_id=26210
[2025-07-29 17:21:39] [zabbix-util.cpp->deleteTrigger()] Delete trigger successfully: triggerid=26131
[2025-07-29 17:21:39] [zabbix-util.cpp->createTrigger()] Create trigger successfully: trigger_name='', trigger_id=26211
[2025-07-29 17:21:39] [zabbix-util.cpp->deleteTrigger()] Delete trigger successfully: triggerid=26132
[2025-07-29 17:21:40] [zabbix-util.cpp->deleteTrigger()] Delete trigger successfully: triggerid=26133
[2025-07-29 17:21:40] [zabbix-util.cpp->createTrigger()] Create trigger successfully: trigger_name='', trigger_id=26212
[2025-07-29 17:21:40] [zabbix-util.cpp->createTrigger()] Create trigger successfully: trigger_name='', trigger_id=26213
[2025-07-29 17:21:40] [zabbix-util.cpp->deleteTrigger()] Delete trigger successfully: triggerid=26134
[2025-07-29 17:21:40] [zabbix-util.cpp->createTrigger()] Create trigger successfully: trigger_name='', trigger_id=26214
[2025-07-29 17:21:40] [zabbix-util.cpp->deleteTrigger()] Delete trigger successfully: triggerid=26135
[2025-07-29 17:21:41] [zabbix-util.cpp->createTrigger()] Create trigger successfully: trigger_name='', trigger_id=26215
[2025-07-29 17:21:41] [zabbix-util.cpp->getAllItemOfHost()] Get item of 10657 successfully. Number of item is: 11
[2025-07-29 17:21:41] [zabbix-util.cpp->getAllTriggerOfHost()] Get trigger of 10657 successfully. Number of trigger is: 18
[2025-07-29 17:21:41] [zabbix-util.cpp->updateItem()] Update item successfully: itemid=52740
[2025-07-29 17:21:41] Update item success: host_name=fake_dh.hung_Linux_host01, host_ip=, item=available_memory
[2025-07-29 17:21:41] [zabbix-util.cpp->updateItem()] Update item successfully: itemid=52741
[2025-07-29 17:21:41] Update item success: host_name=fake_dh.hung_Linux_host01, host_ip=, item=icmp_ping
[2025-07-29 17:21:41] [zabbix-util.cpp->updateItem()] Update item successfully: itemid=52742
[2025-07-29 17:21:41] Update item success: host_name=fake_dh.hung_Linux_host01, host_ip=, item=available_memory_in_percentage
[2025-07-29 17:21:41] [zabbix-util.cpp->updateItem()] Update item successfully: itemid=52743
[2025-07-29 17:21:41] Update item success: host_name=fake_dh.hung_Linux_host01, host_ip=, item=cpu_all_system_usage
[2025-07-29 17:21:42] [zabbix-util.cpp->updateItem()] Update item successfully: itemid=52744
[2025-07-29 17:21:42] Update item success: host_name=fake_dh.hung_Linux_host01, host_ip=, item=cpu_all_usage
[2025-07-29 17:21:42] [zabbix-util.cpp->updateItem()] Update item successfully: itemid=52745
[2025-07-29 17:21:42] Update item success: host_name=fake_dh.hung_Linux_host01, host_ip=, item=memory_utilization
[2025-07-29 17:21:42] [zabbix-util.cpp->updateItem()] Update item successfully: itemid=52746
[2025-07-29 17:21:42] Update item success: host_name=fake_dh.hung_Linux_host01, host_ip=, item=swap_usage
[2025-07-29 17:21:42] [zabbix-util.cpp->updateItem()] Update item successfully: itemid=53814
[2025-07-29 17:21:42] Update item success: host_name=fake_dh.hung_Linux_host01, host_ip=, item=check_ntp_timegap
[2025-07-29 17:21:42] [zabbix-util.cpp->updateItem()] Update item successfully: itemid=53815
[2025-07-29 17:21:42] Update item success: host_name=fake_dh.hung_Linux_host01, host_ip=, item=check_sys_cnt
[2025-07-29 17:21:43] [zabbix-util.cpp->updateItem()] Update item successfully: itemid=53816
[2025-07-29 17:21:43] Update item success: host_name=fake_dh.hung_Linux_host01, host_ip=, item=check_uptime
[2025-07-29 17:21:43] [zabbix-util.cpp->updateItem()] Update item successfully: itemid=53817
[2025-07-29 17:21:43] Update item success: host_name=fake_dh.hung_Linux_host01, host_ip=, item=check_agent_available
[2025-07-29 17:21:43] [zabbix-util.cpp->deleteTrigger()] Delete trigger successfully: triggerid=26136
[2025-07-29 17:21:43] [zabbix-util.cpp->createTrigger()] Create trigger successfully: trigger_name='', trigger_id=26216
[2025-07-29 17:21:43] [zabbix-util.cpp->deleteTrigger()] Delete trigger successfully: triggerid=26137
[2025-07-29 17:21:43] [zabbix-util.cpp->deleteTrigger()] Delete trigger successfully: triggerid=26138
[2025-07-29 17:21:44] [zabbix-util.cpp->createTrigger()] Create trigger successfully: trigger_name='', trigger_id=26217
[2025-07-29 17:21:44] [zabbix-util.cpp->createTrigger()] Create trigger successfully: trigger_name='', trigger_id=26218
[2025-07-29 17:21:44] [zabbix-util.cpp->deleteTrigger()] Delete trigger successfully: triggerid=26139
[2025-07-29 17:21:44] [zabbix-util.cpp->deleteTrigger()] Delete trigger successfully: triggerid=26140
[2025-07-29 17:21:44] [zabbix-util.cpp->deleteTrigger()] Delete trigger successfully: triggerid=26141
[2025-07-29 17:21:44] [zabbix-util.cpp->deleteTrigger()] Delete trigger successfully: triggerid=26142
[2025-07-29 17:21:45] [zabbix-util.cpp->createTrigger()] Create trigger successfully: trigger_name='', trigger_id=26219
[2025-07-29 17:21:45] [zabbix-util.cpp->createTrigger()] Create trigger successfully: trigger_name='', trigger_id=26220
[2025-07-29 17:21:45] Start create event: CPU_ALL@check_cpu_usage
[2025-07-29 17:21:45] [zabbix-util.cpp->createTrigger()] Create trigger successfully: trigger_name='', trigger_id=26221
[2025-07-29 17:21:45] [zabbix-util.cpp->createTrigger()] Create trigger successfully: trigger_name='', trigger_id=26222
[2025-07-29 17:21:45] Create event: CPU_ALL@check_cpu_usage successfully
[2025-07-29 17:21:45] [zabbix-util.cpp->deleteTrigger()] Delete trigger successfully: triggerid=26143
[2025-07-29 17:21:45] [zabbix-util.cpp->deleteTrigger()] Delete trigger successfully: triggerid=26144
[2025-07-29 17:21:46] [zabbix-util.cpp->createTrigger()] Create trigger successfully: trigger_name='', trigger_id=26223
[2025-07-29 17:21:46] [zabbix-util.cpp->createTrigger()] Create trigger successfully: trigger_name='', trigger_id=26224
[2025-07-29 17:21:46] [zabbix-util.cpp->deleteTrigger()] Delete trigger successfully: triggerid=26145
[2025-07-29 17:21:46] [zabbix-util.cpp->deleteTrigger()] Delete trigger successfully: triggerid=26146
[2025-07-29 17:21:46] [zabbix-util.cpp->createTrigger()] Create trigger successfully: trigger_name='', trigger_id=26225
[2025-07-29 17:21:47] [zabbix-util.cpp->createTrigger()] Create trigger successfully: trigger_name='', trigger_id=26226
[2025-07-29 17:21:47] [zabbix-util.cpp->deleteTrigger()] Delete trigger successfully: triggerid=26147
[2025-07-29 17:21:47] [zabbix-util.cpp->createTrigger()] Create trigger successfully: trigger_name='', trigger_id=26227
[2025-07-29 17:21:47] [zabbix-util.cpp->deleteTrigger()] Delete trigger successfully: triggerid=26148
[2025-07-29 17:21:47] [zabbix-util.cpp->deleteTrigger()] Delete trigger successfully: triggerid=26149
[2025-07-29 17:21:47] [zabbix-util.cpp->createTrigger()] Create trigger successfully: trigger_name='', trigger_id=26228
[2025-07-29 17:21:48] [zabbix-util.cpp->createTrigger()] Create trigger successfully: trigger_name='', trigger_id=26229
[2025-07-29 17:21:48] [zabbix-util.cpp->deleteTrigger()] Delete trigger successfully: triggerid=26150
[2025-07-29 17:21:48] [zabbix-util.cpp->createTrigger()] Create trigger successfully: trigger_name='', trigger_id=26230
[2025-07-29 17:21:48] [zabbix-util.cpp->deleteTrigger()] Delete trigger successfully: triggerid=26151
[2025-07-29 17:21:48] [zabbix-util.cpp->createTrigger()] Create trigger successfully: trigger_name='', trigger_id=26231
[2025-07-29 17:21:48] [zabbix-util.cpp->getAllItemOfHost()] Get item of 10670 successfully. Number of item is: 11
[2025-07-29 17:21:49] [zabbix-util.cpp->getAllTriggerOfHost()] Get trigger of 10670 successfully. Number of trigger is: 18
[2025-07-29 17:21:49] [zabbix-util.cpp->updateItem()] Update item successfully: itemid=52747
[2025-07-29 17:21:49] Update item success: host_name=fake_dh.hung_Linux_host02, host_ip=, item=available_memory
[2025-07-29 17:21:49] [zabbix-util.cpp->updateItem()] Update item successfully: itemid=52748
[2025-07-29 17:21:49] Update item success: host_name=fake_dh.hung_Linux_host02, host_ip=, item=icmp_ping
[2025-07-29 17:21:49] [zabbix-util.cpp->updateItem()] Update item successfully: itemid=52749
[2025-07-29 17:21:49] Update item success: host_name=fake_dh.hung_Linux_host02, host_ip=, item=available_memory_in_percentage
[2025-07-29 17:21:49] [zabbix-util.cpp->updateItem()] Update item successfully: itemid=52750
[2025-07-29 17:21:49] Update item success: host_name=fake_dh.hung_Linux_host02, host_ip=, item=cpu_all_system_usage
[2025-07-29 17:21:49] [zabbix-util.cpp->updateItem()] Update item successfully: itemid=52751
[2025-07-29 17:21:49] Update item success: host_name=fake_dh.hung_Linux_host02, host_ip=, item=cpu_all_usage
[2025-07-29 17:21:49] [zabbix-util.cpp->updateItem()] Update item successfully: itemid=52752
[2025-07-29 17:21:49] Update item success: host_name=fake_dh.hung_Linux_host02, host_ip=, item=memory_utilization
[2025-07-29 17:21:50] [zabbix-util.cpp->updateItem()] Update item successfully: itemid=52753
[2025-07-29 17:21:50] Update item success: host_name=fake_dh.hung_Linux_host02, host_ip=, item=swap_usage
[2025-07-29 17:21:50] [zabbix-util.cpp->updateItem()] Update item successfully: itemid=53818
[2025-07-29 17:21:50] Update item success: host_name=fake_dh.hung_Linux_host02, host_ip=, item=check_ntp_timegap
[2025-07-29 17:21:50] [zabbix-util.cpp->updateItem()] Update item successfully: itemid=53819
[2025-07-29 17:21:50] Update item success: host_name=fake_dh.hung_Linux_host02, host_ip=, item=check_sys_cnt
[2025-07-29 17:21:50] [zabbix-util.cpp->updateItem()] Update item successfully: itemid=53820
[2025-07-29 17:21:50] Update item success: host_name=fake_dh.hung_Linux_host02, host_ip=, item=check_uptime
[2025-07-29 17:21:50] [zabbix-util.cpp->updateItem()] Update item successfully: itemid=53821
[2025-07-29 17:21:50] Update item success: host_name=fake_dh.hung_Linux_host02, host_ip=, item=check_agent_available
[2025-07-29 17:21:50] [zabbix-util.cpp->deleteTrigger()] Delete trigger successfully: triggerid=26152
[2025-07-29 17:21:51] [zabbix-util.cpp->createTrigger()] Create trigger successfully: trigger_name='', trigger_id=26232
[2025-07-29 17:21:51] [zabbix-util.cpp->deleteTrigger()] Delete trigger successfully: triggerid=26153
[2025-07-29 17:21:51] [zabbix-util.cpp->deleteTrigger()] Delete trigger successfully: triggerid=26154
[2025-07-29 17:21:51] [zabbix-util.cpp->createTrigger()] Create trigger successfully: trigger_name='', trigger_id=26233
[2025-07-29 17:21:51] [zabbix-util.cpp->createTrigger()] Create trigger successfully: trigger_name='', trigger_id=26234
[2025-07-29 17:21:51] [zabbix-util.cpp->deleteTrigger()] Delete trigger successfully: triggerid=26155
[2025-07-29 17:21:52] [zabbix-util.cpp->deleteTrigger()] Delete trigger successfully: triggerid=26156
[2025-07-29 17:21:52] [zabbix-util.cpp->deleteTrigger()] Delete trigger successfully: triggerid=26157
[2025-07-29 17:21:52] [zabbix-util.cpp->deleteTrigger()] Delete trigger successfully: triggerid=26158
[2025-07-29 17:21:52] [zabbix-util.cpp->createTrigger()] Create trigger successfully: trigger_name='', trigger_id=26235
[2025-07-29 17:21:52] [zabbix-util.cpp->createTrigger()] Create trigger successfully: trigger_name='', trigger_id=26236
[2025-07-29 17:21:52] Start create event: CPU_ALL@check_cpu_usage
[2025-07-29 17:21:52] [zabbix-util.cpp->createTrigger()] Create trigger successfully: trigger_name='', trigger_id=26237
[2025-07-29 17:21:53] [zabbix-util.cpp->createTrigger()] Create trigger successfully: trigger_name='', trigger_id=26238
[2025-07-29 17:21:53] Create event: CPU_ALL@check_cpu_usage successfully
[2025-07-29 17:21:53] [zabbix-util.cpp->deleteTrigger()] Delete trigger successfully: triggerid=26159
[2025-07-29 17:21:53] [zabbix-util.cpp->deleteTrigger()] Delete trigger successfully: triggerid=26160
[2025-07-29 17:21:53] [zabbix-util.cpp->createTrigger()] Create trigger successfully: trigger_name='', trigger_id=26239
[2025-07-29 17:21:53] [zabbix-util.cpp->createTrigger()] Create trigger successfully: trigger_name='', trigger_id=26240
[2025-07-29 17:21:53] [zabbix-util.cpp->deleteTrigger()] Delete trigger successfully: triggerid=26161
[2025-07-29 17:21:54] [zabbix-util.cpp->deleteTrigger()] Delete trigger successfully: triggerid=26162
[2025-07-29 17:21:54] [zabbix-util.cpp->createTrigger()] Create trigger successfully: trigger_name='', trigger_id=26241
[2025-07-29 17:21:54] [zabbix-util.cpp->createTrigger()] Create trigger successfully: trigger_name='', trigger_id=26242
[2025-07-29 17:21:54] [zabbix-util.cpp->deleteTrigger()] Delete trigger successfully: triggerid=26163
[2025-07-29 17:21:54] [zabbix-util.cpp->createTrigger()] Create trigger successfully: trigger_name='', trigger_id=26243
[2025-07-29 17:21:55] [zabbix-util.cpp->deleteTrigger()] Delete trigger successfully: triggerid=26164
[2025-07-29 17:21:55] [zabbix-util.cpp->deleteTrigger()] Delete trigger successfully: triggerid=26165
[2025-07-29 17:21:55] [zabbix-util.cpp->createTrigger()] Create trigger successfully: trigger_name='', trigger_id=26244
[2025-07-29 17:21:55] [zabbix-util.cpp->createTrigger()] Create trigger successfully: trigger_name='', trigger_id=26245
[2025-07-29 17:21:55] [zabbix-util.cpp->deleteTrigger()] Delete trigger successfully: triggerid=26166
[2025-07-29 17:21:55] [zabbix-util.cpp->createTrigger()] Create trigger successfully: trigger_name='', trigger_id=26246
[2025-07-29 17:21:56] [zabbix-util.cpp->deleteTrigger()] Delete trigger successfully: triggerid=26167
[2025-07-29 17:21:56] [zabbix-util.cpp->createTrigger()] Create trigger successfully: trigger_name='', trigger_id=26247
[2025-07-29 17:21:56] [zabbix-util.cpp->getAllItemOfHost()] Get item of 10658 successfully. Number of item is: 11
[2025-07-29 17:21:56] [zabbix-util.cpp->getAllTriggerOfHost()] Get trigger of 10658 successfully. Number of trigger is: 18
[2025-07-29 17:21:56] [zabbix-util.cpp->updateItem()] Update item successfully: itemid=52754
[2025-07-29 17:21:56] Update item success: host_name=fake_dh.hung_Linux_host03, host_ip=, item=available_memory
[2025-07-29 17:21:57] [zabbix-util.cpp->updateItem()] Update item successfully: itemid=52755
[2025-07-29 17:21:57] Update item success: host_name=fake_dh.hung_Linux_host03, host_ip=, item=icmp_ping
[2025-07-29 17:21:57] [zabbix-util.cpp->updateItem()] Update item successfully: itemid=52756
[2025-07-29 17:21:57] Update item success: host_name=fake_dh.hung_Linux_host03, host_ip=, item=available_memory_in_percentage
[2025-07-29 17:21:57] [zabbix-util.cpp->updateItem()] Update item successfully: itemid=52757
[2025-07-29 17:21:57] Update item success: host_name=fake_dh.hung_Linux_host03, host_ip=, item=cpu_all_system_usage
[2025-07-29 17:21:57] [zabbix-util.cpp->updateItem()] Update item successfully: itemid=52758
[2025-07-29 17:21:57] Update item success: host_name=fake_dh.hung_Linux_host03, host_ip=, item=cpu_all_usage
[2025-07-29 17:21:57] [zabbix-util.cpp->updateItem()] Update item successfully: itemid=52759
[2025-07-29 17:21:57] Update item success: host_name=fake_dh.hung_Linux_host03, host_ip=, item=memory_utilization
[2025-07-29 17:21:57] [zabbix-util.cpp->updateItem()] Update item successfully: itemid=52760
[2025-07-29 17:21:57] Update item success: host_name=fake_dh.hung_Linux_host03, host_ip=, item=swap_usage
[2025-07-29 17:21:58] [zabbix-util.cpp->updateItem()] Update item successfully: itemid=53822
[2025-07-29 17:21:58] Update item success: host_name=fake_dh.hung_Linux_host03, host_ip=, item=check_ntp_timegap
[2025-07-29 17:21:58] [zabbix-util.cpp->updateItem()] Update item successfully: itemid=53823
[2025-07-29 17:21:58] Update item success: host_name=fake_dh.hung_Linux_host03, host_ip=, item=check_sys_cnt
[2025-07-29 17:21:58] [zabbix-util.cpp->updateItem()] Update item successfully: itemid=53824
[2025-07-29 17:21:58] Update item success: host_name=fake_dh.hung_Linux_host03, host_ip=, item=check_uptime
[2025-07-29 17:21:58] [zabbix-util.cpp->updateItem()] Update item successfully: itemid=53825
[2025-07-29 17:21:58] Update item success: host_name=fake_dh.hung_Linux_host03, host_ip=, item=check_agent_available
[2025-07-29 17:21:58] [zabbix-util.cpp->deleteTrigger()] Delete trigger successfully: triggerid=26168
[2025-07-29 17:21:58] [zabbix-util.cpp->createTrigger()] Create trigger successfully: trigger_name='', trigger_id=26248
[2025-07-29 17:21:59] [zabbix-util.cpp->deleteTrigger()] Delete trigger successfully: triggerid=26169
[2025-07-29 17:21:59] [zabbix-util.cpp->deleteTrigger()] Delete trigger successfully: triggerid=26170
[2025-07-29 17:21:59] [zabbix-util.cpp->createTrigger()] Create trigger successfully: trigger_name='', trigger_id=26249
[2025-07-29 17:21:59] [zabbix-util.cpp->createTrigger()] Create trigger successfully: trigger_name='', trigger_id=26250
[2025-07-29 17:21:59] [zabbix-util.cpp->deleteTrigger()] Delete trigger successfully: triggerid=26171
[2025-07-29 17:21:59] [zabbix-util.cpp->deleteTrigger()] Delete trigger successfully: triggerid=26172
[2025-07-29 17:21:59] [zabbix-util.cpp->deleteTrigger()] Delete trigger successfully: triggerid=26173
[2025-07-29 17:22:00] [zabbix-util.cpp->deleteTrigger()] Delete trigger successfully: triggerid=26174
[2025-07-29 17:22:00] [zabbix-util.cpp->createTrigger()] Create trigger successfully: trigger_name='', trigger_id=26251
[2025-07-29 17:22:00] [zabbix-util.cpp->createTrigger()] Create trigger successfully: trigger_name='', trigger_id=26252
[2025-07-29 17:22:00] Start create event: CPU_ALL@check_cpu_usage
[2025-07-29 17:22:00] [zabbix-util.cpp->createTrigger()] Create trigger successfully: trigger_name='', trigger_id=26253
[2025-07-29 17:22:00] [zabbix-util.cpp->createTrigger()] Create trigger successfully: trigger_name='', trigger_id=26254
[2025-07-29 17:22:00] Create event: CPU_ALL@check_cpu_usage successfully
[2025-07-29 17:22:00] [zabbix-util.cpp->deleteTrigger()] Delete trigger successfully: triggerid=26175
[2025-07-29 17:22:01] [zabbix-util.cpp->deleteTrigger()] Delete trigger successfully: triggerid=26176
[2025-07-29 17:22:01] [zabbix-util.cpp->createTrigger()] Create trigger successfully: trigger_name='', trigger_id=26255
[2025-07-29 17:22:01] [zabbix-util.cpp->createTrigger()] Create trigger successfully: trigger_name='', trigger_id=26256
[2025-07-29 17:22:01] [zabbix-util.cpp->deleteTrigger()] Delete trigger successfully: triggerid=26177
[2025-07-29 17:22:01] [zabbix-util.cpp->deleteTrigger()] Delete trigger successfully: triggerid=26178
[2025-07-29 17:22:01] [zabbix-util.cpp->createTrigger()] Create trigger successfully: trigger_name='', trigger_id=26257
[2025-07-29 17:22:01] [zabbix-util.cpp->createTrigger()] Create trigger successfully: trigger_name='', trigger_id=26258
[2025-07-29 17:22:02] [zabbix-util.cpp->deleteTrigger()] Delete trigger successfully: triggerid=26179
[2025-07-29 17:22:02] [zabbix-util.cpp->createTrigger()] Create trigger successfully: trigger_name='', trigger_id=26259
[2025-07-29 17:22:02] [zabbix-util.cpp->deleteTrigger()] Delete trigger successfully: triggerid=26180
[2025-07-29 17:22:02] [zabbix-util.cpp->deleteTrigger()] Delete trigger successfully: triggerid=26181
[2025-07-29 17:22:02] [zabbix-util.cpp->createTrigger()] Create trigger successfully: trigger_name='', trigger_id=26260
[2025-07-29 17:22:02] [zabbix-util.cpp->createTrigger()] Create trigger successfully: trigger_name='', trigger_id=26261
[2025-07-29 17:22:03] [zabbix-util.cpp->deleteTrigger()] Delete trigger successfully: triggerid=26182
[2025-07-29 17:22:03] [zabbix-util.cpp->createTrigger()] Create trigger successfully: trigger_name='', trigger_id=26262
[2025-07-29 17:22:03] [zabbix-util.cpp->deleteTrigger()] Delete trigger successfully: triggerid=26183
[2025-07-29 17:22:03] [zabbix-util.cpp->createTrigger()] Create trigger successfully: trigger_name='', trigger_id=26263
[2025-08-01 10:32:51] [zabbix-util.cpp->createRegexp()] create regexp successfully: regexpid=34
[2025-08-01 10:32:52] [zabbix-util.cpp->getRegexp()] get regexp successfully: name=zabbix_util_test_regex_1754019171
[2025-08-01 10:32:52] [zabbix-util.cpp->updateRegexp()] update regexp successfully: regexpid=34
[2025-08-01 10:32:52] [zabbix-util.cpp->getRegexp()] get regexp successfully: name=zabbix_util_test_regex_1754019171
[2025-08-01 10:32:52] [zabbix-util.cpp->deleteRegexp()] delete regexp successfully: regexpid=34
[2025-08-01 11:27:08] [zabbix-util.cpp->createRegexp()] create regexp successfully: regexpid=37
[2025-08-01 11:27:08] [zabbix-util.cpp->getRegexp()] get regexp successfully: name=zabbix_util_test_regex_1754022428
[2025-08-01 11:27:09] [zabbix-util.cpp->updateRegexp()] update regexp successfully: regexpid=37
[2025-08-01 11:27:09] [zabbix-util.cpp->getRegexp()] get regexp successfully: name=zabbix_util_test_regex_1754022428
[2025-08-01 11:27:09] [zabbix-util.cpp->deleteRegexp()] delete regexp successfully: regexpid=37
[2025-08-01 11:29:44] [zabbix-util.cpp->createRegexp()] create regexp successfully: regexpid=38
[2025-08-01 11:29:44] [zabbix-util.cpp->getRegexp()] get regexp successfully: name=zabbix_util_test_regex_1754022584
[2025-08-01 11:29:44] [zabbix-util.cpp->updateRegexp()] update regexp successfully: regexpid=38
[2025-08-01 11:29:44] [zabbix-util.cpp->getRegexp()] get regexp successfully: name=zabbix_util_test_regex_1754022584
[2025-08-01 11:29:44] [zabbix-util.cpp->deleteRegexp()] delete regexp successfully: regexpid=38
[2025-08-01 11:32:17] [zabbix-util.cpp->createRegexp()] create regexp successfully: regexpid=39
[2025-08-01 11:32:17] [zabbix-util.cpp->getRegexp()] get regexp successfully: name=zabbix_util_test_regex_1754022737
[2025-08-01 11:32:17] [zabbix-util.cpp->updateRegexp()] update regexp successfully: regexpid=39
[2025-08-01 11:32:17] [zabbix-util.cpp->getRegexp()] get regexp successfully: name=zabbix_util_test_regex_1754022737
[2025-08-01 11:32:17] [zabbix-util.cpp->deleteRegexp()] delete regexp successfully: regexpid=39
[2025-08-01 11:34:00] [zabbix-util.cpp->createRegexp()] create regexp successfully: regexpid=40
[2025-08-01 11:34:00] [zabbix-util.cpp->getRegexp()] get regexp successfully: name=zabbix_util_test_regex_1754022840
[2025-08-01 11:34:00] [zabbix-util.cpp->updateRegexp()] update regexp successfully: regexpid=40
[2025-08-01 11:34:01] [zabbix-util.cpp->getRegexp()] get regexp successfully: name=zabbix_util_test_regex_1754022840
[2025-08-01 11:34:01] [zabbix-util.cpp->deleteRegexp()] delete regexp successfully: regexpid=40
[2025-08-01 11:36:26] [zabbix-util.cpp->createRegexp()] create regexp successfully: regexpid=41
[2025-08-01 11:36:26] [zabbix-util.cpp->getRegexp()] get regexp successfully: name=zabbix_util_test_regex_1754022986
[2025-08-01 11:36:26] [zabbix-util.cpp->updateRegexp()] update regexp successfully: regexpid=41
[2025-08-01 11:36:26] [zabbix-util.cpp->getRegexp()] get regexp successfully: name=zabbix_util_test_regex_1754022986
[2025-08-01 11:36:26] [zabbix-util.cpp->deleteRegexp()] delete regexp successfully: regexpid=41
[2025-08-01 11:38:38] [zabbix-util.cpp->createRegexp()] create regexp successfully: regexpid=42
[2025-08-01 11:38:39] [zabbix-util.cpp->getRegexp()] get regexp successfully: name=zabbix_util_test_regex_1754023118
[2025-08-01 11:38:39] [zabbix-util.cpp->updateRegexp()] update regexp successfully: regexpid=42
[2025-08-01 11:38:39] [zabbix-util.cpp->getRegexp()] get regexp successfully: name=zabbix_util_test_regex_1754023118
[2025-08-01 11:38:39] [zabbix-util.cpp->deleteRegexp()] delete regexp successfully: regexpid=42
[2025-08-01 13:31:30] [zabbix-util.cpp->createRegexp()] create regexp successfully: regexpid=43
[2025-08-01 13:31:30] [zabbix-util.cpp->getRegexp()] get regexp successfully: name=zabbix_util_test_regex_1754029890
[2025-08-01 13:31:30] [zabbix-util.cpp->updateRegexp()] update regexp successfully: regexpid=43
[2025-08-01 13:31:30] [zabbix-util.cpp->getRegexp()] get regexp successfully: name=zabbix_util_test_regex_1754029890
[2025-08-01 13:31:30] [zabbix-util.cpp->deleteRegexp()] delete regexp successfully: regexpid=43
[2025-08-01 13:33:30] [zabbix-util.cpp->createRegexp()] create regexp successfully: regexpid=44
[2025-08-01 13:33:30] [zabbix-util.cpp->getRegexp()] get regexp successfully: name=zabbix_util_test_regex_1754030010
[2025-08-01 13:33:30] [zabbix-util.cpp->updateRegexp()] update regexp successfully: regexpid=44
[2025-08-01 13:33:30] [zabbix-util.cpp->getRegexp()] get regexp successfully: name=zabbix_util_test_regex_1754030010
[2025-08-01 13:33:30] [zabbix-util.cpp->deleteRegexp()] delete regexp successfully: regexpid=44
[2025-08-01 13:35:08] [zabbix-util.cpp->createRegexp()] create regexp successfully: regexpid=45
[2025-08-01 13:35:08] [zabbix-util.cpp->getRegexp()] get regexp successfully: name=zabbix_util_test_regex_1754030108
[2025-08-01 13:35:08] [zabbix-util.cpp->updateRegexp()] update regexp successfully: regexpid=45
[2025-08-01 13:35:08] [zabbix-util.cpp->getRegexp()] get regexp successfully: name=zabbix_util_test_regex_1754030108
[2025-08-01 13:35:09] [zabbix-util.cpp->deleteRegexp()] delete regexp successfully: regexpid=45
[2025-08-01 15:44:24] [zabbix-util.cpp->createTemplate()] Create template successfully: template_name=zabbix_test_template_1754037864, template_id=10771
[2025-08-01 15:44:24] [zabbix-util.cpp->getRegexp()] get regexp successfully: name=zabbix_test_template_1754037864_-log-test_log-test_zabbix_log_file_mntr.log_e92cb2fd
[2025-08-01 15:44:24] [zabbix-util.cpp->createRegexp()] create regexp successfully: regexpid=46
[2025-08-01 15:44:24] [zabbix-util.cpp->createItem()] Create item successfully: item_name=zabbix_test_template_1754037864_-log-test_log-test_zabbix_log_file_mntr.log_e92cb2fd_warning, item_id=54234
[2025-08-01 15:45:11] [zabbix-util.cpp->createTemplate()] Create template successfully: template_name=zabbix_test_template_1754037911, template_id=10772
[2025-08-01 15:45:11] [zabbix-util.cpp->getRegexp()] get regexp successfully: name=zabbix_test_template_1754037911_-log-test_log-test_zabbix_log_file_mntr.log_e92cb2fd
[2025-08-01 15:45:11] [zabbix-util.cpp->createRegexp()] create regexp successfully: regexpid=47
[2025-08-01 15:45:12] [zabbix-util.cpp->createItem()] Create item successfully: item_name=zabbix_test_template_1754037911_-log-test_log-test_zabbix_log_file_mntr.log_e92cb2fd_warning, item_id=54235
[2025-08-01 15:48:58] [zabbix-util.cpp->createTemplate()] Create template successfully: template_name=zabbix_test_template_1754038137, template_id=10773
[2025-08-01 15:48:58] [zabbix-util.cpp->getRegexp()] get regexp successfully: name=zabbix_test_template_1754038137_-log-test_log-test_zabbix_log_file_mntr.log_e92cb2fd
[2025-08-01 15:48:58] [zabbix-util.cpp->createRegexp()] create regexp successfully: regexpid=48
[2025-08-01 15:48:58] [zabbix-util.cpp->createItem()] Create item successfully: item_name=zabbix_test_template_1754038137_-log-test_log-test_zabbix_log_file_mntr.log_e92cb2fd_warning, item_id=54236
[2025-08-01 15:52:34] [zabbix-util.cpp->createTemplate()] Create template successfully: template_name=zabbix_test_template_1754038354, template_id=10774
[2025-08-01 15:52:34] [zabbix-util.cpp->getRegexp()] get regexp successfully: name=zabbix_test_template_1754038354_-log-test_log-test_zabbix_log_file_mntr.log_e92cb2fd
[2025-08-01 15:52:34] [zabbix-util.cpp->createRegexp()] create regexp successfully: regexpid=49
[2025-08-01 15:52:35] [zabbix-util.cpp->createItem()] Create item successfully: item_name=zabbix_test_template_1754038354_-log-test_log-test_zabbix_log_file_mntr.log_e92cb2fd_warning, item_id=54237
[2025-08-01 15:52:47] [zabbix-util.cpp->createRegexp()] create regexp successfully: regexpid=50
[2025-08-01 15:52:48] [zabbix-util.cpp->getRegexp()] get regexp successfully: name=zabbix_util_test_regex_1754038367
[2025-08-01 15:52:48] [zabbix-util.cpp->updateRegexp()] update regexp successfully: regexpid=50
[2025-08-01 15:52:48] [zabbix-util.cpp->getRegexp()] get regexp successfully: name=zabbix_util_test_regex_1754038367
[2025-08-01 15:52:48] [zabbix-util.cpp->deleteRegexp()] delete regexp successfully: regexpid=50
[2025-08-01 16:11:44] [zabbix-util.cpp->createTemplate()] Create template successfully: template_name=zabbix_test_template_1754039504, template_id=10775
[2025-08-01 16:11:44] [zabbix-util.cpp->getRegexp()] get regexp successfully: name=zabbix_test_template_1754039504_-log-test_log-test_zabbix_log_file_mntr.log_e92cb2fd
[2025-08-01 16:11:44] [zabbix-util.cpp->createRegexp()] create regexp successfully: regexpid=51
[2025-08-01 16:11:44] [zabbix-util.cpp->createItem()] Create item successfully: item_name=zabbix_test_template_1754039504_-log-test_log-test_zabbix_log_file_mntr.log_e92cb2fd_warning, item_id=54238
[2025-08-01 16:16:58] [zabbix-util.cpp->createTemplate()] Create template successfully: template_name=zabbix_test_template_1754039817, template_id=10776
[2025-08-01 16:16:58] [zabbix-util.cpp->getRegexp()] get regexp successfully: name=zabbix_test_template_1754039817_-log-test_log-test_zabbix_log_file_mntr.log_e92cb2fd
[2025-08-01 16:16:58] [zabbix-util.cpp->createRegexp()] create regexp successfully: regexpid=52
[2025-08-01 16:16:58] [zabbix-util.cpp->createItem()] Create item successfully: item_name=zabbix_test_template_1754039817_-log-test_log-test_zabbix_log_file_mntr.log_e92cb2fd_warning, item_id=54239
[2025-08-01 16:23:20] [zabbix-util.cpp->createTemplate()] Create template successfully: template_name=zabbix_test_template_1754040199, template_id=10777
[2025-08-01 16:23:20] [zabbix-util.cpp->getRegexp()] get regexp successfully: name=zabbix_test_template_1754040199_-log-test_log-test_zabbix_log_file_mntr.log_e92cb2fd
[2025-08-01 16:23:20] [zabbix-util.cpp->createRegexp()] create regexp successfully: regexpid=53
[2025-08-01 16:23:20] [zabbix-util.cpp->createItem()] Create item successfully: item_name=zabbix_test_template_1754040199_-log-test_log-test_zabbix_log_file_mntr.log_e92cb2fd_warning, item_id=54240
[2025-08-01 16:28:52] [zabbix-util.cpp->createTemplate()] Create template successfully: template_name=zabbix_test_template_1754040532, template_id=10778
[2025-08-01 16:28:53] [zabbix-util.cpp->getRegexp()] get regexp successfully: name=zabbix_test_template_1754040532_-log-test_log-test_zabbix_log_file_mntr.log_e92cb2fd
[2025-08-01 16:28:53] [zabbix-util.cpp->createRegexp()] create regexp successfully: regexpid=54
[2025-08-01 16:28:53] [zabbix-util.cpp->createItem()] Create item successfully: item_name=zabbix_test_template_1754040532_-log-test_log-test_zabbix_log_file_mntr.log_e92cb2fd_warning, item_id=54241
[2025-08-01 16:30:50] [zabbix-util.cpp->createTemplate()] Create template successfully: template_name=zabbix_test_template_1754040650, template_id=10779
[2025-08-01 16:30:51] [zabbix-util.cpp->getRegexp()] get regexp successfully: name=zabbix_test_template_1754040650_-log-test_log-test_zabbix_log_file_mntr.log_e92cb2fd
[2025-08-01 16:30:51] [zabbix-util.cpp->createRegexp()] create regexp successfully: regexpid=55
[2025-08-01 16:30:51] [zabbix-util.cpp->createItem()] Create item successfully: item_name=zabbix_test_template_1754040650_-log-test_log-test_zabbix_log_file_mntr.log_e92cb2fd_warning, item_id=54242
[2025-08-01 16:38:59] [zabbix-util.cpp->createTemplate()] Create template successfully: template_name=zabbix_test_template_1754041139, template_id=10780
[2025-08-01 16:38:59] [zabbix-util.cpp->getRegexp()] get regexp successfully: name=zabbix_test_template_1754041139_-log-test_log-test_zabbix_log_file_mntr.log_e92cb2fd
[2025-08-01 16:39:00] [zabbix-util.cpp->createRegexp()] create regexp successfully: regexpid=56
[2025-08-01 16:39:00] [zabbix-util.cpp->createItem()] Create item successfully: item_name=zabbix_test_template_1754041139_-log-test_log-test_zabbix_log_file_mntr.log_e92cb2fd_warning, item_id=54243
[2025-08-01 16:41:37] [zabbix-util.cpp->createTemplate()] Create template successfully: template_name=zabbix_test_template_1754041297, template_id=10781
[2025-08-01 16:41:37] [zabbix-util.cpp->getRegexp()] get regexp successfully: name=zabbix_test_template_1754041297_-log-test_log-test_zabbix_log_file_mntr.log_e92cb2fd
[2025-08-01 16:41:37] [zabbix-util.cpp->createRegexp()] create regexp successfully: regexpid=57
[2025-08-01 16:41:38] [zabbix-util.cpp->createItem()] Create item successfully: item_name=zabbix_test_template_1754041297_-log-test_log-test_zabbix_log_file_mntr.log_e92cb2fd_warning, item_id=54244
[2025-08-01 16:46:28] [zabbix-util.cpp->createTemplate()] Create template successfully: template_name=zabbix_test_template_1754041588, template_id=10782
[2025-08-01 16:46:28] [zabbix-util.cpp->getRegexp()] get regexp successfully: name=zabbix_test_template_1754041588_-log-test_log-test_zabbix_log_file_mntr.log_e92cb2fd
[2025-08-01 16:46:28] [zabbix-util.cpp->createRegexp()] create regexp successfully: regexpid=58
[2025-08-01 16:46:28] [zabbix-util.cpp->createItem()] Create item successfully: item_name=zabbix_test_template_1754041588_-log-test_log-test_zabbix_log_file_mntr.log_e92cb2fd_warning, item_id=54245
[2025-08-08 16:30:12] [zabbix-util.cpp->createTemplate()] Create template successfully: template_name=zabbix_test_template_1754645412, template_id=10783
[2025-08-08 16:30:12] [zabbix-util.cpp->getRegexp()] get regexp successfully: name=zabbix_test_template_1754645412_-log-test_log-test_zabbix_log_file_mntr.log_e92cb2fd
[2025-08-08 16:30:12] [zabbix-util.cpp->createRegexp()] create regexp successfully: regexpid=59
[2025-08-08 16:30:13] [zabbix-util.cpp->createItem()] Create item successfully: item_name=zabbix_test_template_1754645412_-log-test_log-test_zabbix_log_file_mntr.log_e92cb2fd_warning, item_id=54850
[2025-08-08 16:44:05] [zabbix-util.cpp->createTemplate()] Create template successfully: template_name=zabbix_test_template_1754646245, template_id=10784
[2025-08-08 16:44:05] [zabbix-util.cpp->deleteTemplate()] Delete template successfully: template_name=zabbix_test_template_1754646245, template_id=10784
[2025-08-08 16:53:36] [zabbix-util.cpp->createTemplate()] Create template successfully: template_name=zabbix_test_template_1754646816, template_id=10785
[2025-08-08 16:53:36] [zabbix-util.cpp->getRegexp()] get regexp successfully: name=zabbix_test_template_1754646816_-log-test_log-test_zabbix_log_file_mntr.log_e92cb2fd
[2025-08-08 16:53:36] [zabbix-util.cpp->createRegexp()] create regexp successfully: regexpid=60
[2025-08-08 16:53:37] [zabbix-util.cpp->createItem()] Create item successfully: item_name=zabbix_test_template_1754646816_-log-test_log-test_zabbix_log_file_mntr.log_e92cb2fd_warning, item_id=54851
[2025-08-08 16:55:52] [zabbix-util.cpp->createTemplate()] Create template successfully: template_name=zabbix_test_template_1754646952, template_id=10786
[2025-08-08 16:55:53] [zabbix-util.cpp->getRegexp()] get regexp successfully: name=zabbix_test_template_1754646952_-log-test_log-test_zabbix_log_file_mntr.log_e92cb2fd
[2025-08-08 16:55:53] [zabbix-util.cpp->createRegexp()] create regexp successfully: regexpid=61
[2025-08-08 16:55:53] [zabbix-util.cpp->createRegexp()] create regexp successfully: regexpid=62
[2025-08-08 16:55:53] [zabbix-util.cpp->deleteTemplate()] Delete template successfully: template_name=zabbix_test_template_1754646952, template_id=10786
[2025-08-08 17:11:05] [zabbix-util.cpp->createTemplate()] Create template successfully: template_name=zabbix_test_template_1754647865, template_id=10787
[2025-08-08 17:11:05] [zabbix-util.cpp->getRegexp()] get regexp successfully: name=zabbix_test_template_1754647865_-log-test_log-test_zabbix_log_file_mntr.log_e92cb2fd
[2025-08-08 17:11:05] [zabbix-util.cpp->createRegexp()] create regexp successfully: regexpid=63
[2025-08-08 17:11:09] [zabbix-util.cpp->createItem()] Create item successfully: item_name=zabbix_test_template_1754647865_-log-test_log-test_zabbix_log_file_mntr.log_e92cb2fd_warning, item_id=54852
[2025-08-08 17:11:09] [zabbix-util.cpp->createRegexp()] create regexp successfully: regexpid=64
[2025-08-08 17:11:09] [zabbix-util.cpp->createItem()] Create item successfully: item_name=zabbix_test_template_1754647865_-log-test_log-test_zabbix_log_file_mntr.log_e92cb2fd_critical, item_id=54853
[2025-08-08 17:11:09] [zabbix-util.cpp->deleteTemplate()] Delete template successfully: template_name=zabbix_test_template_1754647865, template_id=10787
[2025-08-08 17:12:58] [zabbix-util.cpp->createTemplate()] Create template successfully: template_name=zabbix_test_template_1754647978, template_id=10788
[2025-08-08 17:12:58] [zabbix-util.cpp->getRegexp()] get regexp successfully: name=zabbix_test_template_1754647978_-log-test_log-test_zabbix_log_file_mntr.log_e92cb2fd
[2025-08-08 17:12:58] [zabbix-util.cpp->createRegexp()] create regexp successfully: regexpid=65
[2025-08-08 17:12:58] [zabbix-util.cpp->createItem()] Create item successfully: item_name=zabbix_test_template_1754647978_-log-test_log-test_zabbix_log_file_mntr.log_e92cb2fd_warning, item_id=54854
[2025-08-08 17:12:58] [zabbix-util.cpp->createRegexp()] create regexp successfully: regexpid=66
[2025-08-08 17:12:59] [zabbix-util.cpp->createItem()] Create item successfully: item_name=zabbix_test_template_1754647978_-log-test_log-test_zabbix_log_file_mntr.log_e92cb2fd_critical, item_id=54855
[2025-08-08 17:12:59] [zabbix-util.cpp->deleteTemplate()] Delete template successfully: template_name=zabbix_test_template_1754647978, template_id=10788
[2025-08-10 11:47:15] Create host fail: host_name=zabbix_host_test_01_1754801235
[2025-08-10 11:48:30] Create host fail: host_name=zabbix_host_test_01_1754801310
[2025-08-10 11:57:24] Create host fail: host_name=zabbix_host_test_01_1754801844
[2025-08-10 12:01:06] Create host fail: host_name=zabbix_host_test_01_1754802065
[2025-08-10 12:03:28] Create host fail: host_name=zabbix_host_test_01_1754802207
[2025-08-10 12:04:31] Create host fail: host_name=zabbix_host_test_01_1754802271
[2025-08-10 12:15:20] Create host fail: host_name=zabbix_host_test_01_1754802919
[2025-08-10 12:22:59] [zabbix-util.cpp->getHost()]Get host successfully: host_name=zabbix_host_test_01_1754803379
[2025-08-10 13:12:56] [zabbix-util.cpp->getHost()]Get host successfully: host_name=zabbix_host_test_01_1754806375
[2025-08-11 13:48:58] [zabbix-util.cpp->createHost()]Create host successfully: hostid=10808
[2025-08-11 13:48:58] [zabbix-util.cpp->createHost()]Create host successfully: hostid=10809
[2025-08-11 13:48:58] [zabbix-util.cpp->getHost()]Get host successfully: host_name=zabbix_host_test_01_1754894937
[2025-08-11 13:56:20] [zabbix-util.cpp->createHost()]Create host successfully: hostid=10810
[2025-08-11 13:56:20] [zabbix-util.cpp->createHost()]Create host successfully: hostid=10811
[2025-08-11 13:56:20] [zabbix-util.cpp->getHost()]Get host successfully: host_name=zabbix_host_test_01_1754895380
[2025-08-11 14:00:23] [zabbix-util.cpp->createHost()]Create host successfully: hostid=10812
[2025-08-11 14:00:23] [zabbix-util.cpp->createHost()]Create host successfully: hostid=10813
[2025-08-11 14:00:24] [zabbix-util.cpp->getHost()]Get host successfully: host_name=zabbix_host_test_01_1754895623
[2025-08-11 14:07:29] [zabbix-util.cpp->createHost()]Create host successfully: hostid=10814
[2025-08-11 14:07:29] [zabbix-util.cpp->createHost()]Create host successfully: hostid=10815
[2025-08-11 14:07:29] [zabbix-util.cpp->getHost()]Get host successfully: host_name=zabbix_host_test_01_1754896049
[2025-08-11 14:07:29] [zabbix-util.cpp->getHost()]Get host successfully: host_name=zabbix_host_test_02_1754896049
[2025-08-11 14:14:49] [zabbix-util.cpp->createHost()]Create host successfully: hostid=10816
[2025-08-11 14:14:49] [zabbix-util.cpp->createHost()]Create host successfully: hostid=10817
[2025-08-11 14:14:50] [zabbix-util.cpp->getHost()]Get host successfully: host_name=zabbix_host_test_01_1754896489
[2025-08-11 14:14:50] [zabbix-util.cpp->getHost()]Get host successfully: host_name=zabbix_host_test_02_1754896489
[2025-08-11 14:28:21] [zabbix-util.cpp->createHost()]Create host successfully: hostid=10818
[2025-08-11 14:28:21] [zabbix-util.cpp->createHost()]Create host successfully: hostid=10819
[2025-08-11 14:28:21] [zabbix-util.cpp->getHost()]Get host successfully: host_name=zabbix_host_test_01_1754897301
[2025-08-11 14:28:21] [zabbix-util.cpp->getHost()]Get host successfully: host_name=zabbix_host_test_02_1754897301
[2025-08-11 14:29:15] [zabbix-util.cpp->createTemplate()] Create template successfully: template_name=zabbix_test_template_1754897355, template_id=10820
[2025-08-11 14:29:15] [zabbix-util.cpp->getRegexp()] get regexp successfully: name=zabbix_test_template_1754897355_-log-test_log-test_zabbix_log_file_mntr.log_e92cb2fd
[2025-08-11 14:29:15] [zabbix-util.cpp->createRegexp()] create regexp successfully: regexpid=67
[2025-08-11 14:29:16] [zabbix-util.cpp->createItem()] Create item successfully: item_name=zabbix_test_template_1754897355_-log-test_log-test_zabbix_log_file_mntr.log_e92cb2fd_warning, item_id=54856
[2025-08-11 14:29:16] [zabbix-util.cpp->createRegexp()] create regexp successfully: regexpid=68
[2025-08-11 14:29:16] [zabbix-util.cpp->createItem()] Create item successfully: item_name=zabbix_test_template_1754897355_-log-test_log-test_zabbix_log_file_mntr.log_e92cb2fd_critical, item_id=54857
[2025-08-11 14:29:16] [zabbix-util.cpp->deleteTemplate()] Delete template successfully: template_name=zabbix_test_template_1754897355, template_id=10820
[2025-08-11 14:29:16] [zabbix-util.cpp->createRegexp()] create regexp successfully: regexpid=69
[2025-08-11 14:29:16] [zabbix-util.cpp->getRegexp()] get regexp successfully: name=zabbix_util_test_regex_1754897356
[2025-08-11 14:29:16] [zabbix-util.cpp->updateRegexp()] update regexp successfully: regexpid=69
[2025-08-11 14:29:17] [zabbix-util.cpp->getRegexp()] get regexp successfully: name=zabbix_util_test_regex_1754897356
[2025-08-11 14:29:17] [zabbix-util.cpp->deleteRegexp()] delete regexp successfully: regexpid=69
[2025-08-11 14:29:17] [zabbix-util.cpp->createHost()]Create host successfully: hostid=10821
[2025-08-11 14:29:17] [zabbix-util.cpp->createHost()]Create host successfully: hostid=10822
[2025-08-11 14:29:17] [zabbix-util.cpp->getHost()]Get host successfully: host_name=zabbix_host_test_01_1754897357
[2025-08-11 14:29:17] [zabbix-util.cpp->getHost()]Get host successfully: host_name=zabbix_host_test_02_1754897357
[2025-08-11 14:53:26] [zabbix-util.cpp->createTemplate()] Create template successfully: template_name=zabbix_test_template_1754898806, template_id=10823
[2025-08-11 14:53:26] [zabbix-util.cpp->getRegexp()] get regexp successfully: name=zabbix_test_template_1754898806_-log-test_log-test_zabbix_log_file_mntr.log_e92cb2fd
[2025-08-11 14:53:26] [zabbix-util.cpp->createRegexp()] create regexp successfully: regexpid=70
[2025-08-11 14:53:26] [zabbix-util.cpp->createItem()] Create item successfully: item_name=zabbix_test_template_1754898806_-log-test_log-test_zabbix_log_file_mntr.log_e92cb2fd_warning, item_id=54858
[2025-08-11 14:53:26] [zabbix-util.cpp->createRegexp()] create regexp successfully: regexpid=71
[2025-08-11 14:53:27] [zabbix-util.cpp->createItem()] Create item successfully: item_name=zabbix_test_template_1754898806_-log-test_log-test_zabbix_log_file_mntr.log_e92cb2fd_critical, item_id=54859
[2025-08-11 14:53:27] [zabbix-util.cpp->deleteTemplate()] Delete template successfully: template_name=zabbix_test_template_1754898806, template_id=10823
[2025-08-11 14:53:27] [zabbix-util.cpp->createRegexp()] create regexp successfully: regexpid=72
[2025-08-11 14:53:27] [zabbix-util.cpp->getRegexp()] get regexp successfully: name=zabbix_util_test_regex_1754898807
[2025-08-11 14:53:27] [zabbix-util.cpp->updateRegexp()] update regexp successfully: regexpid=72
[2025-08-11 14:53:27] [zabbix-util.cpp->getRegexp()] get regexp successfully: name=zabbix_util_test_regex_1754898807
[2025-08-11 14:53:27] [zabbix-util.cpp->deleteRegexp()] delete regexp successfully: regexpid=72
[2025-08-11 14:53:27] [zabbix-util.cpp->createHost()]Create host successfully: hostid=10824
[2025-08-11 14:53:28] [zabbix-util.cpp->createHost()]Create host successfully: hostid=10825
[2025-08-11 14:53:28] [zabbix-util.cpp->getHost()]Get host successfully: host_name=zabbix_host_test_01_1754898807
[2025-08-11 14:53:28] [zabbix-util.cpp->getHost()]Get host successfully: host_name=zabbix_host_test_02_1754898807
[2025-08-11 14:53:28] [zabbix-util.cpp->getHost()]Get host successfully: host_name=zabbix_host_test_01_1754898807
[2025-08-11 14:53:28] [zabbix-util.cpp->getHost()]Get host successfully: host_name=zabbix_host_test_02_1754898807
[2025-08-11 14:53:28] [zabbix-util.cpp->getHost()]Get host successfully: host_name=zabbix_host_test_01_1754898807
[2025-08-11 14:53:28] [zabbix-util.cpp->getHost()]Get host successfully: host_name=zabbix_host_test_02_1754898807
[2025-08-11 14:55:38] [zabbix-util.cpp->createTemplate()] Create template successfully: template_name=zabbix_test_template_1754898938, template_id=10826
[2025-08-11 14:55:38] [zabbix-util.cpp->getRegexp()] get regexp successfully: name=zabbix_test_template_1754898938_-log-test_log-test_zabbix_log_file_mntr.log_e92cb2fd
[2025-08-11 14:55:38] [zabbix-util.cpp->createRegexp()] create regexp successfully: regexpid=73
[2025-08-11 14:55:38] [zabbix-util.cpp->createItem()] Create item successfully: item_name=zabbix_test_template_1754898938_-log-test_log-test_zabbix_log_file_mntr.log_e92cb2fd_warning, item_id=54860
[2025-08-11 14:55:38] [zabbix-util.cpp->createRegexp()] create regexp successfully: regexpid=74
[2025-08-11 14:55:39] [zabbix-util.cpp->createItem()] Create item successfully: item_name=zabbix_test_template_1754898938_-log-test_log-test_zabbix_log_file_mntr.log_e92cb2fd_critical, item_id=54861
[2025-08-11 14:55:39] [zabbix-util.cpp->deleteTemplate()] Delete template successfully: template_name=zabbix_test_template_1754898938, template_id=10826
[2025-08-11 14:55:39] [zabbix-util.cpp->createRegexp()] create regexp successfully: regexpid=75
[2025-08-11 14:55:39] [zabbix-util.cpp->getRegexp()] get regexp successfully: name=zabbix_util_test_regex_1754898939
[2025-08-11 14:55:39] [zabbix-util.cpp->updateRegexp()] update regexp successfully: regexpid=75
[2025-08-11 14:55:39] [zabbix-util.cpp->getRegexp()] get regexp successfully: name=zabbix_util_test_regex_1754898939
[2025-08-11 14:55:39] [zabbix-util.cpp->deleteRegexp()] delete regexp successfully: regexpid=75
[2025-08-11 14:55:40] [zabbix-util.cpp->createHost()]Create host successfully: hostid=10827
[2025-08-11 14:55:40] [zabbix-util.cpp->createHost()]Create host successfully: hostid=10828
[2025-08-11 14:55:40] [zabbix-util.cpp->getHost()]Get host successfully: host_name=zabbix_host_test_01_1754898939
[2025-08-11 14:55:40] [zabbix-util.cpp->getHost()]Get host successfully: host_name=zabbix_host_test_02_1754898939
[2025-08-11 14:55:40] [zabbix-util.cpp->getHost()]Get host successfully: host_name=zabbix_host_test_01_1754898939
[2025-08-11 14:55:40] [zabbix-util.cpp->getHost()]Get host successfully: host_name=zabbix_host_test_02_1754898939
[2025-08-11 14:55:40] [zabbix-util.cpp->getHost()]Get host successfully: host_name=zabbix_host_test_01_1754898939
[2025-08-11 14:55:40] [zabbix-util.cpp->getHost()]Get host successfully: host_name=zabbix_host_test_02_1754898939
[2025-08-11 15:17:44] [zabbix-util.cpp->createTemplate()] Create template successfully: template_name=zabbix_test_template_1754900264, template_id=10829
[2025-08-11 15:18:25] [zabbix-util.cpp->createHost()]Create host successfully: hostid=10830
[2025-08-11 15:18:25] [zabbix-util.cpp->createHost()]Create host successfully: hostid=10831
[2025-08-11 15:18:25] [zabbix-util.cpp->getHost()]Get host successfully: host_name=zabbix_host_test_01_1754900305
[2025-08-11 15:18:25] [zabbix-util.cpp->getHost()]Get host successfully: host_name=zabbix_host_test_02_1754900305
[2025-08-11 15:18:25] [zabbix-util.cpp->getHost()]Get host successfully: host_name=zabbix_host_test_01_1754900305
[2025-08-11 15:18:25] [zabbix-util.cpp->getHost()]Get host successfully: host_name=zabbix_host_test_02_1754900305
[2025-08-11 15:18:25] [zabbix-util.cpp->getHost()]Get host successfully: host_name=zabbix_host_test_01_1754900305
[2025-08-11 15:18:26] [zabbix-util.cpp->getHost()]Get host successfully: host_name=zabbix_host_test_02_1754900305
[2025-08-11 15:18:36] [zabbix-util.cpp->createRegexp()] create regexp successfully: regexpid=76
[2025-08-11 15:18:36] [zabbix-util.cpp->getRegexp()] get regexp successfully: name=zabbix_util_test_regex_1754900316
[2025-08-11 15:18:36] [zabbix-util.cpp->updateRegexp()] update regexp successfully: regexpid=76
[2025-08-11 15:18:36] [zabbix-util.cpp->getRegexp()] get regexp successfully: name=zabbix_util_test_regex_1754900316
[2025-08-11 15:18:37] [zabbix-util.cpp->deleteRegexp()] delete regexp successfully: regexpid=76
[2025-08-11 15:18:46] [zabbix-util.cpp->createTemplate()] Create template successfully: template_name=zabbix_test_template_1754900326, template_id=10832
[2025-08-11 15:23:25] [zabbix-util.cpp->createTemplate()] Create template successfully: template_name=zabbix_test_template_1754900604, template_id=10833
[2025-08-11 15:23:25] [zabbix-util.cpp->getRegexp()] get regexp successfully: name=zabbix_test_template_1754900604_-log-test_log-test_zabbix_log_file_mntr.log_e92cb2fd
[2025-08-11 15:23:25] [zabbix-util.cpp->createRegexp()] create regexp successfully: regexpid=77
[2025-08-11 15:23:25] [zabbix-util.cpp->createItem()] Create item successfully: item_name=zabbix_test_template_1754900604_-log-test_log-test_zabbix_log_file_mntr.log_e92cb2fd_warning, item_id=54862
[2025-08-11 15:23:25] [zabbix-util.cpp->createRegexp()] create regexp successfully: regexpid=78
[2025-08-11 15:23:25] [zabbix-util.cpp->createItem()] Create item successfully: item_name=zabbix_test_template_1754900604_-log-test_log-test_zabbix_log_file_mntr.log_e92cb2fd_critical, item_id=54863
[2025-08-11 15:23:25] [zabbix-util.cpp->deleteTemplate()] Delete template successfully: template_name=zabbix_test_template_1754900604, template_id=10833
[2025-08-11 15:28:52] [zabbix-util.cpp->createTemplate()] Create template successfully: template_name=zabbix_test_template_1754900932, template_id=10834
[2025-08-11 15:28:52] [zabbix-util.cpp->getRegexp()] get regexp successfully: name=zabbix_test_template_1754900932_-log-test_log-test_zabbix_log_file_mntr.log_e92cb2fd
[2025-08-11 15:28:52] [zabbix-util.cpp->createRegexp()] create regexp successfully: regexpid=79
[2025-08-11 15:28:52] [zabbix-util.cpp->createItem()] Create item successfully: item_name=zabbix_test_template_1754900932_-log-test_log-test_zabbix_log_file_mntr.log_e92cb2fd_warning, item_id=54864
[2025-08-11 15:28:52] [zabbix-util.cpp->createRegexp()] create regexp successfully: regexpid=80
[2025-08-11 15:28:52] [zabbix-util.cpp->createItem()] Create item successfully: item_name=zabbix_test_template_1754900932_-log-test_log-test_zabbix_log_file_mntr.log_e92cb2fd_critical, item_id=54865
[2025-08-11 15:28:53] [zabbix-util.cpp->deleteTemplate()] Delete template successfully: template_name=zabbix_test_template_1754900932, template_id=10834
[2025-08-11 15:29:32] [zabbix-util.cpp->createTemplate()] Create template successfully: template_name=zabbix_test_template_1754900972, template_id=10835
[2025-08-11 15:29:32] [zabbix-util.cpp->getRegexp()] get regexp successfully: name=zabbix_test_template_1754900972_-log-test_log-test_zabbix_log_file_mntr.log_e92cb2fd
[2025-08-11 15:29:33] [zabbix-util.cpp->createRegexp()] create regexp successfully: regexpid=81
[2025-08-11 15:29:33] [zabbix-util.cpp->createItem()] Create item successfully: item_name=zabbix_test_template_1754900972_-log-test_log-test_zabbix_log_file_mntr.log_e92cb2fd_warning, item_id=54866
[2025-08-11 15:29:33] [zabbix-util.cpp->createRegexp()] create regexp successfully: regexpid=82
[2025-08-11 15:29:33] [zabbix-util.cpp->createItem()] Create item successfully: item_name=zabbix_test_template_1754900972_-log-test_log-test_zabbix_log_file_mntr.log_e92cb2fd_critical, item_id=54867
[2025-08-11 15:29:33] [zabbix-util.cpp->deleteTemplate()] Delete template successfully: template_name=zabbix_test_template_1754900972, template_id=10835
[2025-08-11 15:35:47] [zabbix-util.cpp->createTemplate()] Create template successfully: template_name=zabbix_test_host_1754901347, template_id=10836
[2025-08-11 15:35:47] [zabbix-util.cpp->getRegexp()] get regexp successfully: name=zabbix_test_host_1754901347_-log-test_log-test_zabbix_log_file_mntr.log_e92cb2fd
[2025-08-11 15:35:47] [zabbix-util.cpp->createRegexp()] create regexp successfully: regexpid=83
[2025-08-11 15:35:47] [zabbix-util.cpp->createItem()] Create item successfully: item_name=zabbix_test_host_1754901347_-log-test_log-test_zabbix_log_file_mntr.log_e92cb2fd_warning, item_id=54868
[2025-08-11 15:35:47] [zabbix-util.cpp->createRegexp()] create regexp successfully: regexpid=84
[2025-08-11 15:35:47] [zabbix-util.cpp->createItem()] Create item successfully: item_name=zabbix_test_host_1754901347_-log-test_log-test_zabbix_log_file_mntr.log_e92cb2fd_critical, item_id=54869
[2025-08-11 15:42:16] [zabbix-util.cpp->createTemplate()] Create template successfully: template_name=zabbix_test_host_1754901736, template_id=10837
[2025-08-11 15:42:16] [zabbix-util.cpp->getRegexp()] get regexp successfully: name=zabbix_test_host_1754901736_-log-test_log-test_zabbix_log_file_mntr.log_e92cb2fd
[2025-08-11 15:42:16] [zabbix-util.cpp->createRegexp()] create regexp successfully: regexpid=85
[2025-08-11 15:42:17] [zabbix-util.cpp->createItem()] Create item successfully: item_name=zabbix_test_host_1754901736_-log-test_log-test_zabbix_log_file_mntr.log_e92cb2fd_warning, item_id=54870
[2025-08-11 15:42:17] [zabbix-util.cpp->createRegexp()] create regexp successfully: regexpid=86
[2025-08-11 15:42:17] [zabbix-util.cpp->createItem()] Create item successfully: item_name=zabbix_test_host_1754901736_-log-test_log-test_zabbix_log_file_mntr.log_e92cb2fd_critical, item_id=54871
[2025-08-11 15:53:27] [zabbix-util.cpp->createHost()]Create host successfully: hostid=10838
[2025-08-11 15:53:27] [zabbix-util.cpp->getRegexp()] get regexp successfully: name=zabbix_test_host_1754902407_-log-test_log-test_zabbix_log_file_mntr.log_e92cb2fd
[2025-08-11 15:53:27] [zabbix-util.cpp->createRegexp()] create regexp successfully: regexpid=87
[2025-08-11 15:53:28] [zabbix-util.cpp->createItem()] Create item successfully: item_name=zabbix_test_host_1754902407_-log-test_log-test_zabbix_log_file_mntr.log_e92cb2fd_warning, item_id=54872
[2025-08-11 15:53:28] [zabbix-util.cpp->createRegexp()] create regexp successfully: regexpid=88
[2025-08-11 15:53:28] [zabbix-util.cpp->createItem()] Create item successfully: item_name=zabbix_test_host_1754902407_-log-test_log-test_zabbix_log_file_mntr.log_e92cb2fd_critical, item_id=54873
[2025-08-11 15:57:06] [zabbix-util.cpp->createHost()]Create host successfully: hostid=10839
[2025-08-11 15:57:06] [zabbix-util.cpp->getRegexp()] get regexp successfully: name=zabbix_test_host_1754902626_-log-test_log-test_zabbix_log_file_mntr.log_e92cb2fd
[2025-08-11 15:57:06] [zabbix-util.cpp->createRegexp()] create regexp successfully: regexpid=89
[2025-08-11 15:57:06] [zabbix-util.cpp->createItem()] Create item successfully: item_name=zabbix_test_host_1754902626_-log-test_log-test_zabbix_log_file_mntr.log_e92cb2fd_warning, item_id=54874
[2025-08-11 15:57:06] [zabbix-util.cpp->createRegexp()] create regexp successfully: regexpid=90
[2025-08-11 15:57:07] [zabbix-util.cpp->createItem()] Create item successfully: item_name=zabbix_test_host_1754902626_-log-test_log-test_zabbix_log_file_mntr.log_e92cb2fd_critical, item_id=54875
[2025-08-11 16:28:35] [zabbix-util.cpp->createHost()]Create host successfully: hostid=10840
[2025-08-11 16:28:35] [zabbix-util.cpp->getRegexp()] get regexp successfully: name=zabbix_test_host_1754904515_-log-test_log-test_zabbix_log_file_mntr.log_e92cb2fd
[2025-08-11 16:28:35] [zabbix-util.cpp->createRegexp()] create regexp successfully: regexpid=91
[2025-08-11 16:28:36] [zabbix-util.cpp->createItem()] Create item successfully: item_name=zabbix_test_host_1754904515_-log-test_log-test_zabbix_log_file_mntr.log_e92cb2fd_warning, item_id=54876
[2025-08-11 16:28:36] [zabbix-util.cpp->createRegexp()] create regexp successfully: regexpid=92
[2025-08-11 16:28:36] [zabbix-util.cpp->createItem()] Create item successfully: item_name=zabbix_test_host_1754904515_-log-test_log-test_zabbix_log_file_mntr.log_e92cb2fd_critical, item_id=54877
[2025-08-11 16:39:25] [zabbix-util.cpp->createHost()]Create host successfully: hostid=10841
[2025-08-11 16:39:25] [zabbix-util.cpp->getRegexp()] get regexp successfully: name=zabbix_test_host_1754905165_-log-test_log-test_zabbix_log_file_mntr.log_e92cb2fd
[2025-08-11 16:39:25] [zabbix-util.cpp->createRegexp()] create regexp successfully: regexpid=93
[2025-08-11 16:39:25] [zabbix-util.cpp->createItem()] Create item successfully: item_name=zabbix_test_host_1754905165_-log-test_log-test_zabbix_log_file_mntr.log_e92cb2fd_warning, item_id=54878
[2025-08-11 16:39:25] [zabbix-util.cpp->createRegexp()] create regexp successfully: regexpid=94
[2025-08-11 16:39:26] [zabbix-util.cpp->createItem()] Create item successfully: item_name=zabbix_test_host_1754905165_-log-test_log-test_zabbix_log_file_mntr.log_e92cb2fd_critical, item_id=54879
[2025-08-11 16:42:31] [zabbix-util.cpp->createHost()]Create host successfully: hostid=10842
[2025-08-11 16:42:31] [zabbix-util.cpp->getRegexp()] get regexp successfully: name=zabbix_test_host_1754905351_-log-test_log-test_zabbix_log_file_mntr.log_e92cb2fd
[2025-08-11 16:42:31] [zabbix-util.cpp->createRegexp()] create regexp successfully: regexpid=95
[2025-08-11 16:42:31] [zabbix-util.cpp->createItem()] Create item successfully: item_name=zabbix_test_host_1754905351_-log-test_log-test_zabbix_log_file_mntr.log_e92cb2fd_warning, item_id=54880
[2025-08-11 16:42:31] [zabbix-util.cpp->createRegexp()] create regexp successfully: regexpid=96
[2025-08-11 16:42:31] [zabbix-util.cpp->createItem()] Create item successfully: item_name=zabbix_test_host_1754905351_-log-test_log-test_zabbix_log_file_mntr.log_e92cb2fd_critical, item_id=54881
[2025-08-11 16:56:33] [zabbix-util.cpp->createHost()]Create host successfully: hostid=10843
[2025-08-11 16:56:33] [zabbix-util.cpp->getRegexp()] get regexp successfully: name=zabbix_test_host_1754906193_-log-test_log-test_zabbix_log_file_mntr.log_e92cb2fd
[2025-08-11 16:56:33] [zabbix-util.cpp->createRegexp()] create regexp successfully: regexpid=97
[2025-08-11 16:56:34] [zabbix-util.cpp->createItem()] Create item successfully: item_name=zabbix_test_host_1754906193_-log-test_log-test_zabbix_log_file_mntr.log_e92cb2fd_warning, item_id=54882
[2025-08-11 16:56:34] [zabbix-util.cpp->createRegexp()] create regexp successfully: regexpid=98
[2025-08-11 16:56:34] [zabbix-util.cpp->createItem()] Create item successfully: item_name=zabbix_test_host_1754906193_-log-test_log-test_zabbix_log_file_mntr.log_e92cb2fd_critical, item_id=54883
[2025-08-11 17:03:13] [zabbix-util.cpp->createHost()]Create host successfully: hostid=10844
[2025-08-11 17:03:13] [zabbix-util.cpp->getRegexp()] get regexp successfully: name=zabbix_test_host_1754906593_-log-test_log-test_zabbix_log_file_mntr.log_e92cb2fd
[2025-08-11 17:03:13] [zabbix-util.cpp->createRegexp()] create regexp fail 
[2025-08-11 17:05:43] [zabbix-util.cpp->createHost()]Create host successfully: hostid=10845
[2025-08-11 17:05:44] [zabbix-util.cpp->getRegexp()] get regexp successfully: name=zabbix_test_host_1754906743_-log-test_log-test_zabbix_log_file_mntr.log_e92cb2fd
[2025-08-11 17:05:44] [zabbix-util.cpp->createRegexp()] create regexp successfully: regexpid=99
[2025-08-11 17:05:44] [zabbix-util.cpp->createItem()] Create item successfully: item_name=zabbix_test_host_1754906743_-log-test_log-test_zabbix_log_file_mntr.log_e92cb2fd_warning, item_id=54884
[2025-08-11 17:05:44] [zabbix-util.cpp->createRegexp()] create regexp successfully: regexpid=100
[2025-08-11 17:05:44] [zabbix-util.cpp->createItem()] Create item successfully: item_name=zabbix_test_host_1754906743_-log-test_log-test_zabbix_log_file_mntr.log_e92cb2fd_critical, item_id=54885
[2025-08-11 17:28:57] [zabbix-util.cpp->createHost()]Create host successfully: hostid=10846
[2025-08-11 17:28:57] [zabbix-util.cpp->getRegexp()] get regexp successfully: name=zabbix_test_host_1754908137_-log-test_log-test_zabbix_log_file_mntr.log_e92cb2fd
[2025-08-11 17:28:57] [zabbix-util.cpp->createRegexp()] create regexp successfully: regexpid=101
[2025-08-11 17:28:57] [zabbix-util.cpp->createItem()] Create item successfully: item_name=zabbix_test_host_1754908137_-log-test_log-test_zabbix_log_file_mntr.log_e92cb2fd_warning, item_id=54886
[2025-08-11 17:28:57] [zabbix-util.cpp->createRegexp()] create regexp successfully: regexpid=102
[2025-08-11 17:28:57] [zabbix-util.cpp->createItem()] Create item successfully: item_name=zabbix_test_host_1754908137_-log-test_log-test_zabbix_log_file_mntr.log_e92cb2fd_critical, item_id=54887
[2025-08-11 17:43:27] [zabbix-util.cpp->createHost()]Create host successfully: hostid=10847
[2025-08-11 17:43:27] [zabbix-util.cpp->getRegexp()] get regexp successfully: name=zabbix_test_host_1754909007_-log-test_log-test_zabbix_log_file_mntr.log_e92cb2fd
[2025-08-11 17:43:27] [zabbix-util.cpp->createRegexp()] create regexp fail 
[2025-08-20 15:54:06] [zabbix-util.cpp->createHost()]Create host successfully: hostid=10849
[2025-08-20 15:54:06] [zabbix-util.cpp->getRegexp()] get regexp successfully: name=zabbix_test_host_1755680046_-log-test_log-test_zabbix_log_file_mntr.log_e92cb2fd
[2025-08-20 15:54:06] [zabbix-util.cpp->createRegexp()] create regexp successfully: regexpid=103
[2025-08-20 15:54:06] [zabbix-util.cpp->createItem()] Create item successfully: item_name=zabbix_test_host_1755680046_-log-test_log-test_zabbix_log_file_mntr.log_e92cb2fd_warning, item_id=55645
[2025-08-20 15:54:07] [zabbix-util.cpp->createRegexp()] create regexp successfully: regexpid=104
[2025-08-20 15:54:07] [zabbix-util.cpp->createItem()] Create item successfully: item_name=zabbix_test_host_1755680046_-log-test_log-test_zabbix_log_file_mntr.log_e92cb2fd_critical, item_id=55646
[2025-08-20 15:55:30] [zabbix-util.cpp->createHost()]Create host successfully: hostid=10850
[2025-08-20 15:55:30] [zabbix-util.cpp->getRegexp()] get regexp successfully: name=zabbix_test_host_1755680130_-log-test_log-test_zabbix_log_file_mntr.log_e92cb2fd
[2025-08-20 15:55:30] [zabbix-util.cpp->createRegexp()] create regexp successfully: regexpid=105
[2025-08-20 15:55:30] [zabbix-util.cpp->createItem()] Create item successfully: item_name=zabbix_test_host_1755680130_-log-test_log-test_zabbix_log_file_mntr.log_e92cb2fd_warning, item_id=55647
[2025-08-20 15:55:30] [zabbix-util.cpp->createRegexp()] create regexp successfully: regexpid=106
[2025-08-20 15:55:31] [zabbix-util.cpp->createItem()] Create item successfully: item_name=zabbix_test_host_1755680130_-log-test_log-test_zabbix_log_file_mntr.log_e92cb2fd_critical, item_id=55648
[2025-08-20 16:00:28] [zabbix-util.cpp->createHost()]Create host successfully: hostid=10851
[2025-08-20 16:00:28] [zabbix-util.cpp->getRegexp()] get regexp successfully: name=zabbix_test_host_1755680428_-log-test_log-test_zabbix_log_file_mntr.log_e92cb2fd
[2025-08-20 16:00:28] [zabbix-util.cpp->createRegexp()] create regexp fail 
[2025-08-20 16:02:36] [zabbix-util.cpp->createHost()]Create host successfully: hostid=10852
[2025-08-20 16:02:36] [zabbix-util.cpp->getRegexp()] get regexp successfully: name=zabbix_test_host_1755680556_-log-test_log-test_zabbix_log_file_mntr.log_e92cb2fd
[2025-08-20 16:02:36] [zabbix-util.cpp->createRegexp()] create regexp successfully: regexpid=107
[2025-08-20 16:02:36] [zabbix-util.cpp->createItem()] Create item successfully: item_name=zabbix_test_host_1755680556_-log-test_log-test_zabbix_log_file_mntr.log_e92cb2fd_warning, item_id=55649
[2025-08-20 16:02:37] [zabbix-util.cpp->createRegexp()] create regexp successfully: regexpid=108
[2025-08-20 16:02:37] [zabbix-util.cpp->createItem()] Create item successfully: item_name=zabbix_test_host_1755680556_-log-test_log-test_zabbix_log_file_mntr.log_e92cb2fd_critical, item_id=55650
[2025-08-20 16:11:22] [zabbix-util.cpp->createHost()]Create host successfully: hostid=10853
[2025-08-20 16:11:22] [zabbix-util.cpp->getRegexp()] get regexp successfully: name=zabbix_test_host_1755681082_-log-test_log-test_zabbix_log_file_mntr.log_e92cb2fd
[2025-08-20 16:11:22] [zabbix-util.cpp->createRegexp()] create regexp fail 
[2025-08-20 16:12:02] [zabbix-util.cpp->createHost()]Create host successfully: hostid=10854
[2025-08-20 16:12:02] [zabbix-util.cpp->getRegexp()] get regexp successfully: name=zabbix_test_host_1755681122_-log-test_log-test_zabbix_log_file_mntr.log_e92cb2fd
[2025-08-20 16:12:02] [zabbix-util.cpp->createRegexp()] create regexp fail 
[2025-08-20 16:12:58] [zabbix-util.cpp->createHost()]Create host successfully: hostid=10855
[2025-08-20 16:12:58] [zabbix-util.cpp->getRegexp()] get regexp successfully: name=zabbix_test_host_1755681177_-log-test_log-test_zabbix_log_file_mntr.log_e92cb2fd
[2025-08-20 16:12:58] [zabbix-util.cpp->createRegexp()] create regexp successfully: regexpid=109
[2025-08-20 16:12:58] [zabbix-util.cpp->createItem()] Create item successfully: item_name=zabbix_test_host_1755681177_-log-test_log-test_zabbix_log_file_mntr.log_e92cb2fd_warning, item_id=55651
[2025-08-20 16:12:58] [zabbix-util.cpp->createRegexp()] create regexp successfully: regexpid=110
[2025-08-20 16:12:58] [zabbix-util.cpp->createItem()] Create item successfully: item_name=zabbix_test_host_1755681177_-log-test_log-test_zabbix_log_file_mntr.log_e92cb2fd_critical, item_id=55652
[2025-08-20 16:14:09] [zabbix-util.cpp->createHost()]Create host successfully: hostid=10856
[2025-08-20 16:14:09] [zabbix-util.cpp->getRegexp()] get regexp successfully: name=zabbix_test_host_1755681249_-log-test_log-test_zabbix_log_file_mntr.log_e92cb2fd
[2025-08-20 16:14:09] [zabbix-util.cpp->createRegexp()] create regexp fail 
[2025-08-20 16:15:03] [zabbix-util.cpp->createHost()]Create host successfully: hostid=10857
[2025-08-20 16:15:03] [zabbix-util.cpp->getRegexp()] get regexp successfully: name=zabbix_test_host_1755681303_-log-test_log-test_zabbix_log_file_mntr.log_e92cb2fd
[2025-08-20 16:15:03] [zabbix-util.cpp->createRegexp()] create regexp fail 
[2025-08-20 16:15:49] [zabbix-util.cpp->createHost()]Create host successfully: hostid=10858
[2025-08-20 16:15:50] [zabbix-util.cpp->getRegexp()] get regexp successfully: name=zabbix_test_host_1755681349_-log-test_log-test_zabbix_log_file_mntr.log_e92cb2fd
[2025-08-20 16:15:50] [zabbix-util.cpp->createRegexp()] create regexp fail 
[2025-08-20 16:19:12] [zabbix-util.cpp->createHost()]Create host successfully: hostid=10859
[2025-08-20 16:19:12] [zabbix-util.cpp->getRegexp()] get regexp successfully: name=zabbix_test_host_1755681552_-log-test_log-test_zabbix_log_file_mntr.log_e92cb2fd
[2025-08-20 16:19:12] [zabbix-util.cpp->createRegexp()] create regexp fail 
[2025-08-20 16:20:44] [zabbix-util.cpp->createHost()]Create host successfully: hostid=10860
[2025-08-20 16:20:44] [zabbix-util.cpp->getRegexp()] get regexp successfully: name=zabbix_test_host_1755681644_-log-test_log-test_zabbix_log_file_mntr.log_e92cb2fd
[2025-08-20 16:20:44] [zabbix-util.cpp->createRegexp()] create regexp successfully: regexpid=111
[2025-08-20 16:20:44] [zabbix-util.cpp->createItem()] Create item successfully: item_name=zabbix_test_host_1755681644_-log-test_log-test_zabbix_log_file_mntr.log_e92cb2fd_warning, item_id=55653
[2025-08-20 16:20:44] [zabbix-util.cpp->createRegexp()] create regexp successfully: regexpid=112
[2025-08-20 16:20:45] [zabbix-util.cpp->createItem()] Create item successfully: item_name=zabbix_test_host_1755681644_-log-test_log-test_zabbix_log_file_mntr.log_e92cb2fd_critical, item_id=55654
[2025-08-20 16:23:15] [zabbix-util.cpp->createHost()]Create host successfully: hostid=10861
[2025-08-20 16:23:16] [zabbix-util.cpp->getRegexp()] get regexp successfully: name=zabbix_test_host_1755681795_-log-test_log-test_zabbix_log_file_mntr.log_e92cb2fd
[2025-08-20 16:23:16] [zabbix-util.cpp->createRegexp()] create regexp successfully: regexpid=113
[2025-08-20 16:23:16] [zabbix-util.cpp->createItem()] Create item successfully: item_name=zabbix_test_host_1755681795_-log-test_log-test_zabbix_log_file_mntr.log_e92cb2fd_warning, item_id=55655
[2025-08-20 16:23:16] [zabbix-util.cpp->createRegexp()] create regexp successfully: regexpid=114
[2025-08-20 16:23:16] [zabbix-util.cpp->createItem()] Create item successfully: item_name=zabbix_test_host_1755681795_-log-test_log-test_zabbix_log_file_mntr.log_e92cb2fd_critical, item_id=55656
[2025-08-20 16:27:30] [zabbix-util.cpp->createHost()]Create host successfully: hostid=10862
[2025-08-20 16:27:31] [zabbix-util.cpp->getRegexp()] get regexp successfully: name=zabbix_test_host_1755682050_-log-test_log-test_zabbix_log_file_mntr.log_e92cb2fd
[2025-08-20 16:27:31] [zabbix-util.cpp->createRegexp()] create regexp successfully: regexpid=115
[2025-08-20 16:27:31] [zabbix-util.cpp->createItem()] Create item successfully: item_name=zabbix_test_host_1755682050_-log-test_log-test_zabbix_log_file_mntr.log_e92cb2fd_warning, item_id=55657
[2025-08-20 16:27:31] [zabbix-util.cpp->createRegexp()] create regexp successfully: regexpid=116
[2025-08-20 16:27:31] [zabbix-util.cpp->createItem()] Create item successfully: item_name=zabbix_test_host_1755682050_-log-test_log-test_zabbix_log_file_mntr.log_e92cb2fd_critical, item_id=55658
[2025-08-20 17:12:51] [zabbix-util.cpp->createHost()]Create host successfully: hostid=10863
[2025-08-20 17:12:51] [zabbix-util.cpp->getRegexp()] get regexp successfully: name=zabbix_test_host_1755684771_-log-test_log-test_zabbix_log_file_mntr.log_e92cb2fd
[2025-08-20 17:12:51] [zabbix-util.cpp->createRegexp()] create regexp successfully: regexpid=117
[2025-08-20 17:12:51] [zabbix-util.cpp->createItem()] Create item successfully: item_name=zabbix_test_host_1755684771_-log-test_log-test_zabbix_log_file_mntr.log_e92cb2fd_warning, item_id=55659
[2025-08-20 17:12:51] [zabbix-util.cpp->createRegexp()] create regexp successfully: regexpid=118
[2025-08-20 17:12:51] [zabbix-util.cpp->createItem()] Create item successfully: item_name=zabbix_test_host_1755684771_-log-test_log-test_zabbix_log_file_mntr.log_e92cb2fd_critical, item_id=55660
[2025-08-20 17:14:41] [zabbix-util.cpp->createHost()]Create host successfully: hostid=10864
[2025-08-20 17:14:42] [zabbix-util.cpp->getRegexp()] get regexp successfully: name=zabbix_test_host_1755684881_-log-test_log-test_zabbix_log_file_mntr.log_e92cb2fd
[2025-08-20 17:14:42] [zabbix-util.cpp->createRegexp()] create regexp fail 
[2025-08-20 17:15:20] [zabbix-util.cpp->createHost()]Create host successfully: hostid=10865
[2025-08-20 17:15:20] [zabbix-util.cpp->getRegexp()] get regexp successfully: name=zabbix_test_host_1755684920_-log-test_log-test_zabbix_log_file_mntr.log_e92cb2fd
[2025-08-20 17:15:20] [zabbix-util.cpp->createRegexp()] create regexp successfully: regexpid=119
[2025-08-20 17:15:20] [zabbix-util.cpp->createItem()] Create item successfully: item_name=zabbix_test_host_1755684920_-log-test_log-test_zabbix_log_file_mntr.log_e92cb2fd_warning, item_id=55661
[2025-08-20 17:15:20] [zabbix-util.cpp->createRegexp()] create regexp successfully: regexpid=120
[2025-08-20 17:15:21] [zabbix-util.cpp->createItem()] Create item successfully: item_name=zabbix_test_host_1755684920_-log-test_log-test_zabbix_log_file_mntr.log_e92cb2fd_critical, item_id=55662
[2025-08-20 17:18:21] [zabbix-util.cpp->createHost()]Create host successfully: hostid=10866
[2025-08-20 17:18:21] [zabbix-util.cpp->getRegexp()] get regexp successfully: name=zabbix_test_host_1755685101_-log-test_log-test_zabbix_log_file_mntr.log_e92cb2fd
[2025-08-20 17:18:21] [zabbix-util.cpp->createRegexp()] create regexp fail 
[2025-08-20 17:18:50] [zabbix-util.cpp->createHost()]Create host successfully: hostid=10867
[2025-08-20 17:18:50] [zabbix-util.cpp->getRegexp()] get regexp successfully: name=zabbix_test_host_1755685130_-log-test_log-test_zabbix_log_file_mntr.log_e92cb2fd
[2025-08-20 17:18:50] [zabbix-util.cpp->createRegexp()] create regexp successfully: regexpid=121
[2025-08-20 17:18:50] [zabbix-util.cpp->createItem()] Create item successfully: item_name=zabbix_test_host_1755685130_-log-test_log-test_zabbix_log_file_mntr.log_e92cb2fd_warning, item_id=55663
[2025-08-20 17:18:50] [zabbix-util.cpp->createRegexp()] create regexp successfully: regexpid=122
[2025-08-20 17:18:50] [zabbix-util.cpp->createItem()] Create item successfully: item_name=zabbix_test_host_1755685130_-log-test_log-test_zabbix_log_file_mntr.log_e92cb2fd_critical, item_id=55664
[2025-08-20 17:19:24] [zabbix-util.cpp->createHost()]Create host successfully: hostid=10868
[2025-08-20 17:19:24] [zabbix-util.cpp->getRegexp()] get regexp successfully: name=zabbix_test_host_1755685164_-log-test_log-test_zabbix_log_file_mntr.log_e92cb2fd
[2025-08-20 17:19:24] [zabbix-util.cpp->createRegexp()] create regexp fail 
[2025-08-20 17:21:48] [zabbix-util.cpp->createHost()]Create host successfully: hostid=10869
[2025-08-20 17:21:48] [zabbix-util.cpp->getRegexp()] get regexp successfully: name=zabbix_test_host_1755685308_-log-test_log-test_zabbix_log_file_mntr.log_e92cb2fd
[2025-08-20 17:21:49] [zabbix-util.cpp->createRegexp()] create regexp successfully: regexpid=123
[2025-08-20 17:21:49] [zabbix-util.cpp->createItem()] Create item successfully: item_name=zabbix_test_host_1755685308_-log-test_log-test_zabbix_log_file_mntr.log_e92cb2fd_warning, item_id=55665
[2025-08-20 17:21:49] [zabbix-util.cpp->createRegexp()] create regexp successfully: regexpid=124
[2025-08-20 17:21:49] [zabbix-util.cpp->createItem()] Create item successfully: item_name=zabbix_test_host_1755685308_-log-test_log-test_zabbix_log_file_mntr.log_e92cb2fd_critical, item_id=55666
[2025-08-20 17:23:09] [zabbix-util.cpp->createHost()]Create host successfully: hostid=10870
[2025-08-20 17:23:09] [zabbix-util.cpp->getRegexp()] get regexp successfully: name=zabbix_test_host_1755685388_-log-test_log-test_zabbix_log_file_mntr.log_e92cb2fd
[2025-08-20 17:23:09] [zabbix-util.cpp->createRegexp()] create regexp successfully: regexpid=125
[2025-08-20 17:23:09] [zabbix-util.cpp->createItem()] Create item successfully: item_name=zabbix_test_host_1755685388_-log-test_log-test_zabbix_log_file_mntr.log_e92cb2fd_warning, item_id=55667
[2025-08-20 17:23:09] [zabbix-util.cpp->createRegexp()] create regexp successfully: regexpid=126
[2025-08-20 17:23:09] [zabbix-util.cpp->createItem()] Create item successfully: item_name=zabbix_test_host_1755685388_-log-test_log-test_zabbix_log_file_mntr.log_e92cb2fd_critical, item_id=55668
[2025-08-20 17:24:03] [zabbix-util.cpp->createHost()]Create host successfully: hostid=10871
[2025-08-20 17:24:03] [zabbix-util.cpp->getRegexp()] get regexp successfully: name=zabbix_test_host_1755685443_-log-test_log-test_zabbix_log_file_mntr.log_e92cb2fd
[2025-08-20 17:24:03] [zabbix-util.cpp->createRegexp()] create regexp fail 
[2025-08-20 21:24:59] [zabbix-util.cpp->getHost()]Get host successfully: host_name=fake_dh.hung_Linux_host
[2025-08-20 21:24:59] [zabbix-util.cpp->findHost()] Found host with: host_name=fake_dh.hung_Linux_host, ip_addr=127.0.0.1 and host_id=10629
[2025-08-20 21:24:59] [zabbix-util.cpp->getHost()]Get host successfully: host_name=fake_dh.hung_Linux_host01
[2025-08-20 21:24:59] [zabbix-util.cpp->findHost()] Found host with: host_name=fake_dh.hung_Linux_host01, ip_addr=128.123.100.12 and host_id=10657
[2025-08-20 21:24:59] [zabbix-util.cpp->getHost()]Get host successfully: host_name=fake_dh.hung_Linux_host02
[2025-08-20 21:24:59] [zabbix-util.cpp->findHost()] Found host with: host_name=fake_dh.hung_Linux_host02, ip_addr=100.0.10.12 and host_id=10670
[2025-08-20 21:24:59] [zabbix-util.cpp->getHost()]Get host successfully: host_name=fake_dh.hung_Linux_host03
[2025-08-20 21:24:59] [zabbix-util.cpp->findHost()] Found host with: host_name=fake_dh.hung_Linux_host03, ip_addr=172.184.112.224 and host_id=10658
[2025-08-20 21:24:59] [zabbix-util.cpp->getRegexp()] get regexp successfully: name=fake_dh.hung_Linux_host_-log-test_log-test_zabbix_log_file_mntr.log_e92cb2fd
[2025-08-20 21:24:59] [zabbix-util.cpp->createRegexp()] create regexp successfully: regexpid=127
[2025-08-20 21:28:23] [zabbix-util.cpp->getHost()]Get host successfully: host_name=fake_dh.hung_Linux_host
[2025-08-20 21:28:23] [zabbix-util.cpp->findHost()] Found host with: host_name=fake_dh.hung_Linux_host, ip_addr=127.0.0.1 and host_id=10629
[2025-08-20 21:28:23] [zabbix-util.cpp->getHost()]Get host successfully: host_name=fake_dh.hung_Linux_host01
[2025-08-20 21:28:23] [zabbix-util.cpp->findHost()] Found host with: host_name=fake_dh.hung_Linux_host01, ip_addr=128.123.100.12 and host_id=10657
[2025-08-20 21:28:23] [zabbix-util.cpp->getHost()]Get host successfully: host_name=fake_dh.hung_Linux_host02
[2025-08-20 21:28:23] [zabbix-util.cpp->findHost()] Found host with: host_name=fake_dh.hung_Linux_host02, ip_addr=100.0.10.12 and host_id=10670
[2025-08-20 21:28:23] [zabbix-util.cpp->getHost()]Get host successfully: host_name=fake_dh.hung_Linux_host03
[2025-08-20 21:28:23] [zabbix-util.cpp->findHost()] Found host with: host_name=fake_dh.hung_Linux_host03, ip_addr=172.184.112.224 and host_id=10658
[2025-08-20 21:28:23] [zabbix-util.cpp->getRegexp()] get regexp successfully: name=fake_dh.hung_Linux_host_-log-test_log-test_zabbix_log_file_mntr.log_e92cb2fd
[2025-08-20 21:28:23] [zabbix-util.cpp->deleteRegexp()] delete regexp successfully: regexpid=127
[2025-08-20 21:28:23] [zabbix-util.cpp->createRegexp()] create regexp successfully: regexpid=128
[2025-08-20 21:30:37] [zabbix-util.cpp->getHost()]Get host successfully: host_name=fake_dh.hung_Linux_host
[2025-08-20 21:30:37] [zabbix-util.cpp->findHost()] Found host with: host_name=fake_dh.hung_Linux_host, ip_addr=127.0.0.1 and host_id=10629
[2025-08-20 21:30:37] [zabbix-util.cpp->getHost()]Get host successfully: host_name=fake_dh.hung_Linux_host01
[2025-08-20 21:30:37] [zabbix-util.cpp->findHost()] Found host with: host_name=fake_dh.hung_Linux_host01, ip_addr=128.123.100.12 and host_id=10657
[2025-08-20 21:30:37] [zabbix-util.cpp->getHost()]Get host successfully: host_name=fake_dh.hung_Linux_host02
[2025-08-20 21:30:37] [zabbix-util.cpp->findHost()] Found host with: host_name=fake_dh.hung_Linux_host02, ip_addr=100.0.10.12 and host_id=10670
[2025-08-20 21:30:37] [zabbix-util.cpp->getHost()]Get host successfully: host_name=fake_dh.hung_Linux_host03
[2025-08-20 21:30:37] [zabbix-util.cpp->findHost()] Found host with: host_name=fake_dh.hung_Linux_host03, ip_addr=172.184.112.224 and host_id=10658
[2025-08-20 21:30:38] [zabbix-util.cpp->getRegexp()] get regexp successfully: name=fake_dh.hung_Linux_host_-log-test_log-test_zabbix_log_file_mntr.log_e92cb2fd
[2025-08-20 21:30:38] [zabbix-util.cpp->deleteRegexp()] delete regexp successfully: regexpid=128
[2025-08-20 21:30:39] [zabbix-util.cpp->createRegexp()] create regexp successfully: regexpid=129
[2025-08-20 21:53:43] [zabbix-util.cpp->getHost()]Get host successfully: host_name=fake_dh.hung_Linux_host
[2025-08-20 21:53:43] [zabbix-util.cpp->findHost()] Found host with: host_name=fake_dh.hung_Linux_host, ip_addr=127.0.0.1 and host_id=10629
[2025-08-20 21:53:43] [zabbix-util.cpp->getHost()]Get host successfully: host_name=fake_dh.hung_Linux_host01
[2025-08-20 21:53:43] [zabbix-util.cpp->findHost()] Found host with: host_name=fake_dh.hung_Linux_host01, ip_addr=128.123.100.12 and host_id=10657
[2025-08-20 21:53:43] [zabbix-util.cpp->getHost()]Get host successfully: host_name=fake_dh.hung_Linux_host02
[2025-08-20 21:53:43] [zabbix-util.cpp->findHost()] Found host with: host_name=fake_dh.hung_Linux_host02, ip_addr=100.0.10.12 and host_id=10670
[2025-08-20 21:53:43] [zabbix-util.cpp->getHost()]Get host successfully: host_name=fake_dh.hung_Linux_host03
[2025-08-20 21:53:43] [zabbix-util.cpp->findHost()] Found host with: host_name=fake_dh.hung_Linux_host03, ip_addr=172.184.112.224 and host_id=10658
[2025-08-20 21:53:43] [zabbix-util.cpp->getRegexp()] get regexp successfully: name=fake_dh.hung_Linux_host_-log-test_log-test_zabbix_log_file_mntr.log_e92cb2fd
[2025-08-20 21:53:43] [zabbix-util.cpp->deleteRegexp()] delete regexp successfully: regexpid=129
[2025-08-20 21:53:43] [zabbix-util.cpp->createRegexp()] create regexp successfully: regexpid=130
[2025-08-20 21:56:56] [zabbix-util.cpp->getHost()]Get host successfully: host_name=fake_dh.hung_Linux_host
[2025-08-20 21:56:56] [zabbix-util.cpp->findHost()] Found host with: host_name=fake_dh.hung_Linux_host, ip_addr=127.0.0.1 and host_id=10629
[2025-08-20 21:56:56] [zabbix-util.cpp->getHost()]Get host successfully: host_name=fake_dh.hung_Linux_host01
[2025-08-20 21:56:56] [zabbix-util.cpp->findHost()] Found host with: host_name=fake_dh.hung_Linux_host01, ip_addr=128.123.100.12 and host_id=10657
[2025-08-20 21:56:56] [zabbix-util.cpp->getHost()]Get host successfully: host_name=fake_dh.hung_Linux_host02
[2025-08-20 21:56:56] [zabbix-util.cpp->findHost()] Found host with: host_name=fake_dh.hung_Linux_host02, ip_addr=100.0.10.12 and host_id=10670
[2025-08-20 21:56:56] [zabbix-util.cpp->getHost()]Get host successfully: host_name=fake_dh.hung_Linux_host03
[2025-08-20 21:56:56] [zabbix-util.cpp->findHost()] Found host with: host_name=fake_dh.hung_Linux_host03, ip_addr=172.184.112.224 and host_id=10658
[2025-08-20 21:56:57] [zabbix-util.cpp->getRegexp()] get regexp successfully: name=fake_dh.hung_Linux_host_-log-test_log-test_zabbix_log_file_mntr.log_e92cb2fd
[2025-08-20 21:56:57] [zabbix-util.cpp->deleteRegexp()] delete regexp successfully: regexpid=130
[2025-08-20 21:56:57] [zabbix-util.cpp->createRegexp()] create regexp successfully: regexpid=131
[2025-08-20 22:05:49] [zabbix-util.cpp->getHost()]Get host successfully: host_name=fake_dh.hung_Linux_host
[2025-08-20 22:05:49] [zabbix-util.cpp->findHost()] Found host with: host_name=fake_dh.hung_Linux_host, ip_addr=127.0.0.1 and host_id=10629
[2025-08-20 22:05:49] [zabbix-util.cpp->getHost()]Get host successfully: host_name=fake_dh.hung_Linux_host01
[2025-08-20 22:05:49] [zabbix-util.cpp->findHost()] Found host with: host_name=fake_dh.hung_Linux_host01, ip_addr=128.123.100.12 and host_id=10657
[2025-08-20 22:05:49] [zabbix-util.cpp->getHost()]Get host successfully: host_name=fake_dh.hung_Linux_host02
[2025-08-20 22:05:49] [zabbix-util.cpp->findHost()] Found host with: host_name=fake_dh.hung_Linux_host02, ip_addr=100.0.10.12 and host_id=10670
[2025-08-20 22:05:49] [zabbix-util.cpp->getHost()]Get host successfully: host_name=fake_dh.hung_Linux_host03
[2025-08-20 22:05:49] [zabbix-util.cpp->findHost()] Found host with: host_name=fake_dh.hung_Linux_host03, ip_addr=172.184.112.224 and host_id=10658
[2025-08-20 22:05:49] [zabbix-util.cpp->getRegexp()] get regexp successfully: name=fake_dh.hung_Linux_host_-log-test_log-test_zabbix_log_file_mntr.log_e92cb2fd
[2025-08-20 22:05:50] [zabbix-util.cpp->deleteRegexp()] delete regexp successfully: regexpid=131
[2025-08-20 22:05:51] [zabbix-util.cpp->createRegexp()] create regexp successfully: regexpid=132
[2025-08-20 22:13:23] [zabbix-util.cpp->getHost()]Get host successfully: host_name=fake_dh.hung_Linux_host
[2025-08-20 22:13:23] [zabbix-util.cpp->findHost()] Found host with: host_name=fake_dh.hung_Linux_host, ip_addr=127.0.0.1 and host_id=10629
[2025-08-20 22:13:23] [zabbix-util.cpp->getHost()]Get host successfully: host_name=fake_dh.hung_Linux_host01
[2025-08-20 22:13:23] [zabbix-util.cpp->findHost()] Found host with: host_name=fake_dh.hung_Linux_host01, ip_addr=128.123.100.12 and host_id=10657
[2025-08-20 22:13:23] [zabbix-util.cpp->getHost()]Get host successfully: host_name=fake_dh.hung_Linux_host02
[2025-08-20 22:13:23] [zabbix-util.cpp->findHost()] Found host with: host_name=fake_dh.hung_Linux_host02, ip_addr=100.0.10.12 and host_id=10670
[2025-08-20 22:13:23] [zabbix-util.cpp->getHost()]Get host successfully: host_name=fake_dh.hung_Linux_host03
[2025-08-20 22:13:23] [zabbix-util.cpp->findHost()] Found host with: host_name=fake_dh.hung_Linux_host03, ip_addr=172.184.112.224 and host_id=10658
[2025-08-20 22:13:23] [zabbix-util.cpp->getRegexp()] get regexp successfully: name=fake_dh.hung_Linux_host_-log-test_log-test_zabbix_log_file_mntr.log_e92cb2fd
[2025-08-20 22:13:24] [zabbix-util.cpp->deleteRegexp()] delete regexp successfully: regexpid=132
[2025-08-20 22:13:24] [zabbix-util.cpp->createRegexp()] create regexp successfully: regexpid=133
[2025-08-20 22:15:44] [zabbix-util.cpp->getHost()]Get host successfully: host_name=fake_dh.hung_Linux_host
[2025-08-20 22:15:44] [zabbix-util.cpp->findHost()] Found host with: host_name=fake_dh.hung_Linux_host, ip_addr=127.0.0.1 and host_id=10629
[2025-08-20 22:15:44] [zabbix-util.cpp->getHost()]Get host successfully: host_name=fake_dh.hung_Linux_host01
[2025-08-20 22:15:44] [zabbix-util.cpp->findHost()] Found host with: host_name=fake_dh.hung_Linux_host01, ip_addr=128.123.100.12 and host_id=10657
[2025-08-20 22:15:44] [zabbix-util.cpp->getHost()]Get host successfully: host_name=fake_dh.hung_Linux_host02
[2025-08-20 22:15:44] [zabbix-util.cpp->findHost()] Found host with: host_name=fake_dh.hung_Linux_host02, ip_addr=100.0.10.12 and host_id=10670
[2025-08-20 22:15:45] [zabbix-util.cpp->getHost()]Get host successfully: host_name=fake_dh.hung_Linux_host03
[2025-08-20 22:15:45] [zabbix-util.cpp->findHost()] Found host with: host_name=fake_dh.hung_Linux_host03, ip_addr=172.184.112.224 and host_id=10658
[2025-08-20 22:15:45] [zabbix-util.cpp->getRegexp()] get regexp successfully: name=fake_dh.hung_Linux_host_-log-test_log-test_zabbix_log_file_mntr.log_e92cb2fd
[2025-08-20 22:15:45] [zabbix-util.cpp->deleteRegexp()] delete regexp successfully: regexpid=133
[2025-08-20 22:15:45] [zabbix-util.cpp->createRegexp()] create regexp successfully: regexpid=134
[2025-08-20 22:16:38] [zabbix-util.cpp->getHost()]Get host successfully: host_name=fake_dh.hung_Linux_host
[2025-08-20 22:16:38] [zabbix-util.cpp->findHost()] Found host with: host_name=fake_dh.hung_Linux_host, ip_addr=127.0.0.1 and host_id=10629
[2025-08-20 22:16:38] [zabbix-util.cpp->getHost()]Get host successfully: host_name=fake_dh.hung_Linux_host01
[2025-08-20 22:16:38] [zabbix-util.cpp->findHost()] Found host with: host_name=fake_dh.hung_Linux_host01, ip_addr=128.123.100.12 and host_id=10657
[2025-08-20 22:16:39] [zabbix-util.cpp->getHost()]Get host successfully: host_name=fake_dh.hung_Linux_host02
[2025-08-20 22:16:39] [zabbix-util.cpp->findHost()] Found host with: host_name=fake_dh.hung_Linux_host02, ip_addr=100.0.10.12 and host_id=10670
[2025-08-20 22:16:39] [zabbix-util.cpp->getHost()]Get host successfully: host_name=fake_dh.hung_Linux_host03
[2025-08-20 22:16:39] [zabbix-util.cpp->findHost()] Found host with: host_name=fake_dh.hung_Linux_host03, ip_addr=172.184.112.224 and host_id=10658
[2025-08-20 22:16:39] [zabbix-util.cpp->getRegexp()] get regexp successfully: name=fake_dh.hung_Linux_host_-log-test_log-test_zabbix_log_file_mntr.log_e92cb2fd
[2025-08-20 22:16:39] [zabbix-util.cpp->deleteRegexp()] delete regexp successfully: regexpid=134
[2025-08-20 22:16:39] [zabbix-util.cpp->createRegexp()] create regexp successfully: regexpid=135
[2025-08-20 22:17:19] [zabbix-util.cpp->getHost()]Get host successfully: host_name=fake_dh.hung_Linux_host
[2025-08-20 22:17:19] [zabbix-util.cpp->findHost()] Found host with: host_name=fake_dh.hung_Linux_host, ip_addr=127.0.0.1 and host_id=10629
[2025-08-20 22:17:19] [zabbix-util.cpp->getHost()]Get host successfully: host_name=fake_dh.hung_Linux_host01
[2025-08-20 22:17:19] [zabbix-util.cpp->findHost()] Found host with: host_name=fake_dh.hung_Linux_host01, ip_addr=128.123.100.12 and host_id=10657
[2025-08-20 22:17:19] [zabbix-util.cpp->getHost()]Get host successfully: host_name=fake_dh.hung_Linux_host02
[2025-08-20 22:17:19] [zabbix-util.cpp->findHost()] Found host with: host_name=fake_dh.hung_Linux_host02, ip_addr=100.0.10.12 and host_id=10670
[2025-08-20 22:17:20] [zabbix-util.cpp->getHost()]Get host successfully: host_name=fake_dh.hung_Linux_host03
[2025-08-20 22:17:20] [zabbix-util.cpp->findHost()] Found host with: host_name=fake_dh.hung_Linux_host03, ip_addr=172.184.112.224 and host_id=10658
[2025-08-20 22:17:20] [zabbix-util.cpp->getRegexp()] get regexp successfully: name=fake_dh.hung_Linux_host_-log-test_log-test_zabbix_log_file_mntr.log_e92cb2fd
[2025-08-20 22:17:20] [zabbix-util.cpp->createRegexp()] create regexp successfully: regexpid=136
[2025-08-20 22:17:20] [zabbix-util.cpp->createItem()] Create item successfully: item_name=fake_dh.hung_Linux_host_-log-test_log-test_zabbix_log_file_mntr.log_e92cb2fd_warning, item_id=55669
[2025-08-20 22:17:20] [zabbix-util.cpp->createRegexp()] create regexp successfully: regexpid=137
[2025-08-20 22:17:20] [zabbix-util.cpp->createItem()] Create item successfully: item_name=fake_dh.hung_Linux_host_-log-test_log-test_zabbix_log_file_mntr.log_e92cb2fd_critical, item_id=55670
[2025-08-20 22:17:20] [zabbix-util.cpp->getRegexp()] get regexp successfully: name=fake_dh.hung_Linux_host01_-log-test_log-test_zabbix_log_file_mntr.log_e92cb2fd
[2025-08-20 22:17:20] [zabbix-util.cpp->createRegexp()] create regexp successfully: regexpid=138
[2025-08-20 22:17:20] [zabbix-util.cpp->createItem()] Create item successfully: item_name=fake_dh.hung_Linux_host01_-log-test_log-test_zabbix_log_file_mntr.log_e92cb2fd_warning, item_id=55671
[2025-08-20 22:17:20] [zabbix-util.cpp->createRegexp()] create regexp successfully: regexpid=139
[2025-08-20 22:17:20] [zabbix-util.cpp->createItem()] Create item successfully: item_name=fake_dh.hung_Linux_host01_-log-test_log-test_zabbix_log_file_mntr.log_e92cb2fd_critical, item_id=55672
[2025-08-20 22:17:20] [zabbix-util.cpp->getRegexp()] get regexp successfully: name=fake_dh.hung_Linux_host02_-log-test_log-test_zabbix_log_file_mntr.log_e92cb2fd
[2025-08-20 22:17:21] [zabbix-util.cpp->createRegexp()] create regexp successfully: regexpid=140
[2025-08-20 22:17:21] [zabbix-util.cpp->createItem()] Create item successfully: item_name=fake_dh.hung_Linux_host02_-log-test_log-test_zabbix_log_file_mntr.log_e92cb2fd_warning, item_id=55673
[2025-08-20 22:17:21] [zabbix-util.cpp->createRegexp()] create regexp successfully: regexpid=141
[2025-08-20 22:17:21] [zabbix-util.cpp->createItem()] Create item successfully: item_name=fake_dh.hung_Linux_host02_-log-test_log-test_zabbix_log_file_mntr.log_e92cb2fd_critical, item_id=55674
[2025-08-20 22:17:21] [zabbix-util.cpp->getRegexp()] get regexp successfully: name=fake_dh.hung_Linux_host03_-log-test_log-test_zabbix_log_file_mntr.log_e92cb2fd
[2025-08-20 22:17:21] [zabbix-util.cpp->createRegexp()] create regexp successfully: regexpid=142
[2025-08-20 22:17:21] [zabbix-util.cpp->createItem()] Create item successfully: item_name=fake_dh.hung_Linux_host03_-log-test_log-test_zabbix_log_file_mntr.log_e92cb2fd_warning, item_id=55675
[2025-08-20 22:17:21] [zabbix-util.cpp->createRegexp()] create regexp successfully: regexpid=143
[2025-08-20 22:17:21] [zabbix-util.cpp->createItem()] Create item successfully: item_name=fake_dh.hung_Linux_host03_-log-test_log-test_zabbix_log_file_mntr.log_e92cb2fd_critical, item_id=55676
[2025-08-20 22:20:02] [zabbix-util.cpp->getHost()]Get host successfully: host_name=fake_dh.hung_Linux_host
[2025-08-20 22:20:02] [zabbix-util.cpp->findHost()] Found host with: host_name=fake_dh.hung_Linux_host, ip_addr=127.0.0.1 and host_id=10629
[2025-08-20 22:20:02] [zabbix-util.cpp->getHost()]Get host successfully: host_name=fake_dh.hung_Linux_host01
[2025-08-20 22:20:02] [zabbix-util.cpp->findHost()] Found host with: host_name=fake_dh.hung_Linux_host01, ip_addr=128.123.100.12 and host_id=10657
[2025-08-20 22:20:02] [zabbix-util.cpp->getHost()]Get host successfully: host_name=fake_dh.hung_Linux_host02
[2025-08-20 22:20:02] [zabbix-util.cpp->findHost()] Found host with: host_name=fake_dh.hung_Linux_host02, ip_addr=100.0.10.12 and host_id=10670
[2025-08-20 22:20:02] [zabbix-util.cpp->getHost()]Get host successfully: host_name=fake_dh.hung_Linux_host03
[2025-08-20 22:20:02] [zabbix-util.cpp->findHost()] Found host with: host_name=fake_dh.hung_Linux_host03, ip_addr=172.184.112.224 and host_id=10658
[2025-08-20 22:20:02] [zabbix-util.cpp->getRegexp()] get regexp successfully: name=fake_dh.hung_Linux_host_-log-test_log-test_zabbix_log_file_mntr.log_e92cb2fd
[2025-08-20 22:20:02] [zabbix-util.cpp->deleteRegexp()] delete regexp successfully: regexpid=136
[2025-08-20 22:20:02] [zabbix-util.cpp->deleteRegexp()] delete regexp successfully: regexpid=137
[2025-08-20 22:20:02] [zabbix-util.cpp->createRegexp()] create regexp successfully: regexpid=144
[2025-08-20 22:20:03] [zabbix-util.cpp->createItem()] Create item successfully: item_name=fake_dh.hung_Linux_host_-log-test_log-test_zabbix_log_file_mntr.log_e92cb2fd_warning, item_id=55677
[2025-08-20 22:20:04] [zabbix-util.cpp->createRegexp()] create regexp successfully: regexpid=145
[2025-08-20 22:20:04] [zabbix-util.cpp->createItem()] Create item successfully: item_name=fake_dh.hung_Linux_host_-log-test_log-test_zabbix_log_file_mntr.log_e92cb2fd_critical, item_id=55678
[2025-08-20 22:20:04] [zabbix-util.cpp->getRegexp()] get regexp successfully: name=fake_dh.hung_Linux_host01_-log-test_log-test_zabbix_log_file_mntr.log_e92cb2fd
[2025-08-20 22:20:04] [zabbix-util.cpp->deleteRegexp()] delete regexp successfully: regexpid=138
[2025-08-20 22:20:04] [zabbix-util.cpp->deleteRegexp()] delete regexp successfully: regexpid=139
[2025-08-20 22:20:04] [zabbix-util.cpp->createRegexp()] create regexp successfully: regexpid=146
[2025-08-20 22:20:04] [zabbix-util.cpp->createItem()] Create item successfully: item_name=fake_dh.hung_Linux_host01_-log-test_log-test_zabbix_log_file_mntr.log_e92cb2fd_warning, item_id=55679
[2025-08-20 22:20:04] [zabbix-util.cpp->createRegexp()] create regexp successfully: regexpid=147
[2025-08-20 22:20:06] [zabbix-util.cpp->createItem()] Create item successfully: item_name=fake_dh.hung_Linux_host01_-log-test_log-test_zabbix_log_file_mntr.log_e92cb2fd_critical, item_id=55680
[2025-08-20 22:20:06] [zabbix-util.cpp->getRegexp()] get regexp successfully: name=fake_dh.hung_Linux_host02_-log-test_log-test_zabbix_log_file_mntr.log_e92cb2fd
[2025-08-20 22:20:06] [zabbix-util.cpp->deleteRegexp()] delete regexp successfully: regexpid=140
[2025-08-20 22:20:06] [zabbix-util.cpp->deleteRegexp()] delete regexp successfully: regexpid=141
[2025-08-20 22:20:06] [zabbix-util.cpp->createRegexp()] create regexp successfully: regexpid=148
[2025-08-20 22:20:06] [zabbix-util.cpp->createItem()] Create item successfully: item_name=fake_dh.hung_Linux_host02_-log-test_log-test_zabbix_log_file_mntr.log_e92cb2fd_warning, item_id=55681
[2025-08-20 22:20:06] [zabbix-util.cpp->createRegexp()] create regexp successfully: regexpid=149
[2025-08-20 22:20:07] [zabbix-util.cpp->createItem()] Create item successfully: item_name=fake_dh.hung_Linux_host02_-log-test_log-test_zabbix_log_file_mntr.log_e92cb2fd_critical, item_id=55682
[2025-08-20 22:20:07] [zabbix-util.cpp->getRegexp()] get regexp successfully: name=fake_dh.hung_Linux_host03_-log-test_log-test_zabbix_log_file_mntr.log_e92cb2fd
[2025-08-20 22:20:07] [zabbix-util.cpp->deleteRegexp()] delete regexp successfully: regexpid=142
[2025-08-20 22:20:07] [zabbix-util.cpp->deleteRegexp()] delete regexp successfully: regexpid=143
[2025-08-20 22:20:08] [zabbix-util.cpp->createRegexp()] create regexp successfully: regexpid=150
[2025-08-20 22:20:09] [zabbix-util.cpp->createItem()] Create item successfully: item_name=fake_dh.hung_Linux_host03_-log-test_log-test_zabbix_log_file_mntr.log_e92cb2fd_warning, item_id=55683
[2025-08-20 22:20:09] [zabbix-util.cpp->createRegexp()] create regexp successfully: regexpid=151
[2025-08-20 22:20:09] [zabbix-util.cpp->createItem()] Create item successfully: item_name=fake_dh.hung_Linux_host03_-log-test_log-test_zabbix_log_file_mntr.log_e92cb2fd_critical, item_id=55684
[2025-08-20 22:25:00] [zabbix-util.cpp->getHost()]Get host successfully: host_name=fake_dh.hung_Linux_host
[2025-08-20 22:25:00] [zabbix-util.cpp->findHost()] Found host with: host_name=fake_dh.hung_Linux_host, ip_addr=127.0.0.1 and host_id=10629
[2025-08-20 22:25:01] [zabbix-util.cpp->getHost()]Get host successfully: host_name=fake_dh.hung_Linux_host01
[2025-08-20 22:25:01] [zabbix-util.cpp->findHost()] Found host with: host_name=fake_dh.hung_Linux_host01, ip_addr=128.123.100.12 and host_id=10657
[2025-08-20 22:25:01] [zabbix-util.cpp->getHost()]Get host successfully: host_name=fake_dh.hung_Linux_host02
[2025-08-20 22:25:01] [zabbix-util.cpp->findHost()] Found host with: host_name=fake_dh.hung_Linux_host02, ip_addr=100.0.10.12 and host_id=10670
[2025-08-20 22:25:01] [zabbix-util.cpp->getHost()]Get host successfully: host_name=fake_dh.hung_Linux_host03
[2025-08-20 22:25:01] [zabbix-util.cpp->findHost()] Found host with: host_name=fake_dh.hung_Linux_host03, ip_addr=172.184.112.224 and host_id=10658
[2025-08-20 22:25:01] [zabbix-util.cpp->getRegexp()] get regexp successfully: name=fake_dh.hung_Linux_host_-log-test_log-test_zabbix_log_file_mntr.log_e92cb2fd
[2025-08-20 22:25:01] [zabbix-util.cpp->createRegexp()] create regexp successfully: regexpid=152
[2025-08-20 22:25:02] [zabbix-util.cpp->createItem()] Create item successfully: item_name=fake_dh.hung_Linux_host_-log-test_log-test_zabbix_log_file_mntr.log_e92cb2fd_warning, item_id=55685
[2025-08-20 22:25:03] [zabbix-util.cpp->createRegexp()] create regexp successfully: regexpid=153
[2025-08-20 22:25:03] [zabbix-util.cpp->createItem()] Create item successfully: item_name=fake_dh.hung_Linux_host_-log-test_log-test_zabbix_log_file_mntr.log_e92cb2fd_critical, item_id=55686
[2025-08-20 22:25:03] [zabbix-util.cpp->getRegexp()] get regexp successfully: name=fake_dh.hung_Linux_host01_-log-test_log-test_zabbix_log_file_mntr.log_e92cb2fd
[2025-08-20 22:25:03] [zabbix-util.cpp->createRegexp()] create regexp successfully: regexpid=154
[2025-08-20 22:25:04] [zabbix-util.cpp->createItem()] Create item successfully: item_name=fake_dh.hung_Linux_host01_-log-test_log-test_zabbix_log_file_mntr.log_e92cb2fd_warning, item_id=55687
[2025-08-20 22:25:04] [zabbix-util.cpp->createRegexp()] create regexp successfully: regexpid=155
[2025-08-20 22:25:04] [zabbix-util.cpp->createItem()] Create item successfully: item_name=fake_dh.hung_Linux_host01_-log-test_log-test_zabbix_log_file_mntr.log_e92cb2fd_critical, item_id=55688
[2025-08-20 22:25:04] [zabbix-util.cpp->getRegexp()] get regexp successfully: name=fake_dh.hung_Linux_host02_-log-test_log-test_zabbix_log_file_mntr.log_e92cb2fd
[2025-08-20 22:25:04] [zabbix-util.cpp->createRegexp()] create regexp successfully: regexpid=156
[2025-08-20 22:25:04] [zabbix-util.cpp->createItem()] Create item successfully: item_name=fake_dh.hung_Linux_host02_-log-test_log-test_zabbix_log_file_mntr.log_e92cb2fd_warning, item_id=55689
[2025-08-20 22:25:04] [zabbix-util.cpp->createRegexp()] create regexp successfully: regexpid=157
[2025-08-20 22:25:04] [zabbix-util.cpp->createItem()] Create item successfully: item_name=fake_dh.hung_Linux_host02_-log-test_log-test_zabbix_log_file_mntr.log_e92cb2fd_critical, item_id=55690
[2025-08-20 22:25:04] [zabbix-util.cpp->getRegexp()] get regexp successfully: name=fake_dh.hung_Linux_host03_-log-test_log-test_zabbix_log_file_mntr.log_e92cb2fd
[2025-08-20 22:25:04] [zabbix-util.cpp->createRegexp()] create regexp successfully: regexpid=158
[2025-08-20 22:25:05] [zabbix-util.cpp->createItem()] Create item successfully: item_name=fake_dh.hung_Linux_host03_-log-test_log-test_zabbix_log_file_mntr.log_e92cb2fd_warning, item_id=55691
[2025-08-20 22:25:05] [zabbix-util.cpp->createRegexp()] create regexp successfully: regexpid=159
[2025-08-20 22:25:05] [zabbix-util.cpp->createItem()] Create item successfully: item_name=fake_dh.hung_Linux_host03_-log-test_log-test_zabbix_log_file_mntr.log_e92cb2fd_critical, item_id=55692
[2025-08-20 22:30:44] [zabbix-util.cpp->getHost()]Get host successfully: host_name=fake_dh.hung_Linux_host
[2025-08-20 22:30:44] [zabbix-util.cpp->findHost()] Found host with: host_name=fake_dh.hung_Linux_host, ip_addr=127.0.0.1 and host_id=10629
[2025-08-20 22:30:45] [zabbix-util.cpp->getHost()]Get host successfully: host_name=fake_dh.hung_Linux_host01
[2025-08-20 22:30:45] [zabbix-util.cpp->findHost()] Found host with: host_name=fake_dh.hung_Linux_host01, ip_addr=128.123.100.12 and host_id=10657
[2025-08-20 22:30:45] [zabbix-util.cpp->getHost()]Get host successfully: host_name=fake_dh.hung_Linux_host02
[2025-08-20 22:30:45] [zabbix-util.cpp->findHost()] Found host with: host_name=fake_dh.hung_Linux_host02, ip_addr=100.0.10.12 and host_id=10670
[2025-08-20 22:30:45] [zabbix-util.cpp->getHost()]Get host successfully: host_name=fake_dh.hung_Linux_host03
[2025-08-20 22:30:45] [zabbix-util.cpp->findHost()] Found host with: host_name=fake_dh.hung_Linux_host03, ip_addr=172.184.112.224 and host_id=10658
[2025-08-20 22:30:45] [zabbix-util.cpp->getRegexp()] get regexp successfully: name=fake_dh.hung_Linux_host_-log-test_log-test_zabbix_log_file_mntr.log_e92cb2fd
[2025-08-20 22:30:45] [zabbix-util.cpp->getRegexp()] get regexp successfully: name=fake_dh.hung_Linux_host01_-log-test_log-test_zabbix_log_file_mntr.log_e92cb2fd
[2025-08-20 22:30:45] [zabbix-util.cpp->getRegexp()] get regexp successfully: name=fake_dh.hung_Linux_host02_-log-test_log-test_zabbix_log_file_mntr.log_e92cb2fd
[2025-08-20 22:30:45] [zabbix-util.cpp->getRegexp()] get regexp successfully: name=fake_dh.hung_Linux_host03_-log-test_log-test_zabbix_log_file_mntr.log_e92cb2fd
[2025-08-20 22:33:55] [zabbix-util.cpp->getHost()]Get host successfully: host_name=fake_dh.hung_Linux_host
[2025-08-20 22:33:55] [zabbix-util.cpp->findHost()] Found host with: host_name=fake_dh.hung_Linux_host, ip_addr=127.0.0.1 and host_id=10629
[2025-08-20 22:33:55] [zabbix-util.cpp->getHost()]Get host successfully: host_name=fake_dh.hung_Linux_host01
[2025-08-20 22:33:55] [zabbix-util.cpp->findHost()] Found host with: host_name=fake_dh.hung_Linux_host01, ip_addr=128.123.100.12 and host_id=10657
[2025-08-20 22:33:55] [zabbix-util.cpp->getHost()]Get host successfully: host_name=fake_dh.hung_Linux_host02
[2025-08-20 22:33:55] [zabbix-util.cpp->findHost()] Found host with: host_name=fake_dh.hung_Linux_host02, ip_addr=100.0.10.12 and host_id=10670
[2025-08-20 22:33:55] [zabbix-util.cpp->getHost()]Get host successfully: host_name=fake_dh.hung_Linux_host03
[2025-08-20 22:33:55] [zabbix-util.cpp->findHost()] Found host with: host_name=fake_dh.hung_Linux_host03, ip_addr=172.184.112.224 and host_id=10658
[2025-08-20 22:33:55] [zabbix-util.cpp->getRegexp()] get regexp successfully: name=fake_dh.hung_Linux_host_-log-test_log-test_zabbix_log_file_mntr.log_e92cb2fd
[2025-08-20 22:33:55] [zabbix-util.cpp->getRegexp()] get regexp successfully: name=fake_dh.hung_Linux_host01_-log-test_log-test_zabbix_log_file_mntr.log_e92cb2fd
[2025-08-20 22:33:55] [zabbix-util.cpp->getRegexp()] get regexp successfully: name=fake_dh.hung_Linux_host02_-log-test_log-test_zabbix_log_file_mntr.log_e92cb2fd
[2025-08-20 22:33:55] [zabbix-util.cpp->getRegexp()] get regexp successfully: name=fake_dh.hung_Linux_host03_-log-test_log-test_zabbix_log_file_mntr.log_e92cb2fd
[2025-08-20 22:35:34] [zabbix-util.cpp->getHost()]Get host successfully: host_name=fake_dh.hung_Linux_host
[2025-08-20 22:35:34] [zabbix-util.cpp->findHost()] Found host with: host_name=fake_dh.hung_Linux_host, ip_addr=127.0.0.1 and host_id=10629
[2025-08-20 22:35:35] [zabbix-util.cpp->getHost()]Get host successfully: host_name=fake_dh.hung_Linux_host01
[2025-08-20 22:35:35] [zabbix-util.cpp->findHost()] Found host with: host_name=fake_dh.hung_Linux_host01, ip_addr=128.123.100.12 and host_id=10657
[2025-08-20 22:35:35] [zabbix-util.cpp->getHost()]Get host successfully: host_name=fake_dh.hung_Linux_host02
[2025-08-20 22:35:35] [zabbix-util.cpp->findHost()] Found host with: host_name=fake_dh.hung_Linux_host02, ip_addr=100.0.10.12 and host_id=10670
[2025-08-20 22:35:35] [zabbix-util.cpp->getHost()]Get host successfully: host_name=fake_dh.hung_Linux_host03
[2025-08-20 22:35:35] [zabbix-util.cpp->findHost()] Found host with: host_name=fake_dh.hung_Linux_host03, ip_addr=172.184.112.224 and host_id=10658
[2025-08-20 22:35:35] [zabbix-util.cpp->getRegexp()] get regexp successfully: name=fake_dh.hung_Linux_host_-log-test_log-test_zabbix_log_file_mntr.log_e92cb2fd
[2025-08-20 22:35:35] [zabbix-util.cpp->createRegexp()] create regexp successfully: regexpid=160
[2025-08-20 22:35:35] [zabbix-util.cpp->createItem()] Create item successfully: item_name=fake_dh.hung_Linux_host_-log-test_log-test_zabbix_log_file_mntr.log_e92cb2fd_warning, item_id=55693
[2025-08-20 22:35:35] [zabbix-util.cpp->createRegexp()] create regexp successfully: regexpid=161
[2025-08-20 22:35:35] [zabbix-util.cpp->createItem()] Create item successfully: item_name=fake_dh.hung_Linux_host_-log-test_log-test_zabbix_log_file_mntr.log_e92cb2fd_critical, item_id=55694
[2025-08-20 22:35:35] [zabbix-util.cpp->getRegexp()] get regexp successfully: name=fake_dh.hung_Linux_host01_-log-test_log-test_zabbix_log_file_mntr.log_e92cb2fd
[2025-08-20 22:35:35] [zabbix-util.cpp->createRegexp()] create regexp successfully: regexpid=162
[2025-08-20 22:35:35] [zabbix-util.cpp->createItem()] Create item successfully: item_name=fake_dh.hung_Linux_host01_-log-test_log-test_zabbix_log_file_mntr.log_e92cb2fd_warning, item_id=55695
[2025-08-20 22:35:36] [zabbix-util.cpp->createRegexp()] create regexp successfully: regexpid=163
[2025-08-20 22:35:36] [zabbix-util.cpp->createItem()] Create item successfully: item_name=fake_dh.hung_Linux_host01_-log-test_log-test_zabbix_log_file_mntr.log_e92cb2fd_critical, item_id=55696
[2025-08-20 22:35:36] [zabbix-util.cpp->getRegexp()] get regexp successfully: name=fake_dh.hung_Linux_host02_-log-test_log-test_zabbix_log_file_mntr.log_e92cb2fd
[2025-08-20 22:35:36] [zabbix-util.cpp->createRegexp()] create regexp successfully: regexpid=164
[2025-08-20 22:35:36] [zabbix-util.cpp->createItem()] Create item successfully: item_name=fake_dh.hung_Linux_host02_-log-test_log-test_zabbix_log_file_mntr.log_e92cb2fd_warning, item_id=55697
[2025-08-20 22:35:36] [zabbix-util.cpp->createRegexp()] create regexp successfully: regexpid=165
[2025-08-20 22:35:36] [zabbix-util.cpp->createItem()] Create item successfully: item_name=fake_dh.hung_Linux_host02_-log-test_log-test_zabbix_log_file_mntr.log_e92cb2fd_critical, item_id=55698
[2025-08-20 22:35:36] [zabbix-util.cpp->getRegexp()] get regexp successfully: name=fake_dh.hung_Linux_host03_-log-test_log-test_zabbix_log_file_mntr.log_e92cb2fd
[2025-08-20 22:35:36] [zabbix-util.cpp->createRegexp()] create regexp successfully: regexpid=166
[2025-08-20 22:35:36] [zabbix-util.cpp->createItem()] Create item successfully: item_name=fake_dh.hung_Linux_host03_-log-test_log-test_zabbix_log_file_mntr.log_e92cb2fd_warning, item_id=55699
[2025-08-20 22:35:36] [zabbix-util.cpp->createRegexp()] create regexp successfully: regexpid=167
[2025-08-20 22:35:37] [zabbix-util.cpp->createItem()] Create item successfully: item_name=fake_dh.hung_Linux_host03_-log-test_log-test_zabbix_log_file_mntr.log_e92cb2fd_critical, item_id=55700
